<includes>
	<include name="Weather+WeekendForcast">
		<control type="group">
			<visible>StringCompare(Window.Property(Weather.CurrentView),weekend)</visible>
			<include>VisibleFadeEffect</include>
			<control type="label">
				<description>header label</description>
				<posx>20</posx>
				<posy>13</posy>
				<width>610</width>
				<height>30</height>
				<font>font13_title</font>
				<label>31903</label>
				<align>center</align>
				<aligny>center</aligny>
				<textcolor>white</textcolor>
				<shadowcolor>black</shadowcolor>
			</control>
			<control type="label">
				<posx>0</posx>
				<posy>200</posy>
				<width>600</width>
				<height>30</height>
				<font>font13</font>
				<textcolor>white</textcolor>
				<align>center</align>
				<aligny>center</aligny>
				<label>$LOCALIZE[31909]</label>
				<visible>IsEmpty(Window.Property(Weekend.IsFetched))</visible>
			</control>
			<control type="group">
				<posx>20</posx>
				<posy>50</posy>
				<visible>!IsEmpty(Window.Property(Weekend.IsFetched))</visible>
				<include>VisibleFadeEffect</include>
				<control type="group">
					<posx>0</posx>
					<posy>0</posy>
					<control type="label">
						<posx>0</posx>
						<posy>5</posy>
						<width>600</width>
						<height>30</height>
						<font>font13_title</font>
						<textcolor>blue</textcolor>
						<align>center</align>
						<aligny>center</aligny>
						<label>$LOCALIZE[16]</label>
					</control>
					<control type="image">
						<posx>10</posx>
						<posy>20</posy>
						<width>130</width>
						<height>160</height>
						<aspectratio>keep</aspectratio>
						<texture>$INFO[Window.Property(Weekend.2.OutlookIcon)]</texture>
					</control>
					<control type="label">
						<posx>140</posx>
						<posy>40</posy>
						<width>100</width>
						<height>50</height>
						<font>font13_title</font>
						<textcolor>white</textcolor>
						<selectedcolor>selected</selectedcolor>
						<align>center</align>
						<aligny>center</aligny>
						<label>[COLOR=grey2]$LOCALIZE[393][CR][/COLOR]$INFO[Window.Property(Weekend.2.HighTemperature),[B] ,[/B]]$INFO[System.TemperatureUnits]</label>
					</control>
					<control type="label">
						<posx>140</posx>
						<posy>100</posy>
						<width>100</width>
						<height>50</height>
						<font>font13_title</font>
						<textcolor>white</textcolor>
						<selectedcolor>selected</selectedcolor>
						<align>center</align>
						<aligny>center</aligny>
						<label>[COLOR=grey2]$LOCALIZE[391][CR][/COLOR]$INFO[Window.Property(Weekend.2.LowTemperature),[B] ,[/B]]$INFO[System.TemperatureUnits]</label>
					</control>
					<control type="textbox">
						<posx>240</posx>
						<posy>40</posy>
						<width>350</width>
						<height>130</height>
						<font>font12</font>
						<textcolor>white</textcolor>
						<align>right</align>
						<label>$INFO[Window.Property(Weekend.2.Humidity),[COLOR=grey2]$LOCALIZE[406] :[/COLOR][B] ,%[/B]][CR]$INFO[Window.Property(Weekend.2.UV),[COLOR=grey2]$LOCALIZE[403] :[/COLOR][B] ,[/B]][CR]$INFO[Window.Property(Weekend.2.Wind),[COLOR=grey2]$LOCALIZE[404] :[/COLOR][B] ,[/B]][CR]$INFO[Window.Property(Weekend.2.Sunrise),[COLOR=grey2]$LOCALIZE[33027] :[/COLOR][B] ,[/B]][CR]$INFO[Window.Property(Weekend.2.Sunset),[COLOR=grey2]$LOCALIZE[33028] :[/COLOR][B] ,[/B]][CR]$INFO[Window.Property(Weekend.2.Precipitation),[COLOR=grey2]$LOCALIZE[33021] :[/COLOR][B] ,%[/B]]</label>
					</control>
					<control type="label">
						<posx>0</posx>
						<posy>180</posy>
						<width>590</width>
						<height>20</height>
						<font>font12</font>
						<textcolor>white</textcolor>
						<selectedcolor>selected</selectedcolor>
						<align>center</align>
						<aligny>center</aligny>
						<label>$INFO[Window.Property(Weekend.2.Outlook),[COLOR=grey2]$LOCALIZE[33030] :[/COLOR]]</label>
					</control>
					<control type="textbox">
						<posx>0</posx>
						<posy>200</posy>
						<width>590</width>
						<height>70</height>
						<font>font12</font>
						<textcolor>white</textcolor>
						<selectedcolor>selected</selectedcolor>
						<align>center</align>
						<label>$INFO[Window.Property(Weekend.2.Forecast),[COLOR=grey2]$LOCALIZE[31905]: [/COLOR]]</label>
					</control>
					<control type="image">
						<posx>0</posx>
						<posy>270</posy>
						<width>650</width>
						<height>4</height>
						<texture>separator.png</texture>
					</control>
				</control>
				<control type="group">
					<posx>0</posx>
					<posy>280</posy>
					<control type="label">
						<posx>0</posx>
						<posy>5</posy>
						<width>600</width>
						<height>30</height>
						<font>font13_title</font>
						<textcolor>blue</textcolor>
						<align>center</align>
						<aligny>center</aligny>
						<label>$LOCALIZE[17]</label>
					</control>
					<control type="image">
						<posx>10</posx>
						<posy>20</posy>
						<width>130</width>
						<height>160</height>
						<aspectratio>keep</aspectratio>
						<texture>$INFO[Window.Property(Weekend.3.OutlookIcon)]</texture>
					</control>
					<control type="label">
						<posx>140</posx>
						<posy>40</posy>
						<width>100</width>
						<height>50</height>
						<font>font13_title</font>
						<textcolor>white</textcolor>
						<selectedcolor>selected</selectedcolor>
						<align>center</align>
						<aligny>center</aligny>
						<label>[COLOR=grey2]$LOCALIZE[393][CR][/COLOR]$INFO[Window.Property(Weekend.3.HighTemperature),[B] ,[/B]]$INFO[System.TemperatureUnits]</label>
					</control>
					<control type="label">
						<posx>140</posx>
						<posy>100</posy>
						<width>100</width>
						<height>50</height>
						<font>font13_title</font>
						<textcolor>white</textcolor>
						<selectedcolor>selected</selectedcolor>
						<align>center</align>
						<aligny>center</aligny>
						<label>[COLOR=grey2]$LOCALIZE[391][CR][/COLOR]$INFO[Window.Property(Weekend.3.LowTemperature),[B] ,[/B]]$INFO[System.TemperatureUnits]</label>
					</control>
					<control type="textbox">
						<posx>240</posx>
						<posy>40</posy>
						<width>350</width>
						<height>130</height>
						<font>font12</font>
						<textcolor>white</textcolor>
						<align>right</align>
						<label>$INFO[Window.Property(Weekend.3.Humidity),[COLOR=grey2]$LOCALIZE[406] :[/COLOR][B] ,%[/B]][CR]$INFO[Window.Property(Weekend.3.UV),[COLOR=grey2]$LOCALIZE[403] :[/COLOR][B] ,[/B]][CR]$INFO[Window.Property(Weekend.3.Wind),[COLOR=grey2]$LOCALIZE[404] :[/COLOR][B] ,[/B]][CR]$INFO[Window.Property(Weekend.3.Sunrise),[COLOR=grey2]$LOCALIZE[33027] :[/COLOR][B] ,[/B]][CR]$INFO[Window.Property(Weekend.3.Sunset),[COLOR=grey2]$LOCALIZE[33028] :[/COLOR][B] ,[/B]][CR]$INFO[Window.Property(Weekend.3.Precipitation),[COLOR=grey2]$LOCALIZE[33021] :[/COLOR][B] ,%[/B]]</label>
					</control>
					<control type="label">
						<posx>0</posx>
						<posy>180</posy>
						<width>590</width>
						<height>20</height>
						<font>font12</font>
						<textcolor>white</textcolor>
						<selectedcolor>selected</selectedcolor>
						<align>center</align>
						<aligny>center</aligny>
						<label>$INFO[Window.Property(Weekend.3.Outlook),[COLOR=grey2]$LOCALIZE[33030] :[/COLOR]]</label>
					</control>
					<control type="textbox">
						<posx>0</posx>
						<posy>200</posy>
						<width>590</width>
						<height>70</height>
						<font>font12</font>
						<textcolor>white</textcolor>
						<selectedcolor>selected</selectedcolor>
						<align>center</align>
						<label>$INFO[Window.Property(Weekend.3.Forecast),[COLOR=grey2]$LOCALIZE[31905]: [/COLOR]]</label>
					</control>
				</control>
			</control>
		</control>
	</include>
</includes>
