﻿<?xml version="1.0" encoding="utf-8"?>
<window id="1100">
  <onload_off>RunScript("special://skin/scripts/check_calibration.py")</onload_off>
  <onload>SetFocus(1103)</onload>
  <defaultcontrol_off always="true">1104</defaultcontrol_off>
  <controls>
    <!--Background-->
    <control type="image">
      <include>VisibleFadeEffect</include>
      <posx>0</posx>
      <posy>0</posy>
      <width>1280</width>
      <height>720</height>
      <aligny>center</aligny>
      <align>left</align>
      <texture>bt_bg3.jpg</texture>
    </control>
    <!-- 
This is the area from here down used for the top of all custom screens 
-->
    <!--Top Bar-->
    <control type="group">
      <animation effect="fade" time="750">WindowOpen</animation>
      <animation effect="fade" time="750">WindowClose</animation>
      <control type="image">
        <left>0</left>
        <top>0</top>
        <width>1280</width>
        <height>85</height>
        <texture flipy="false" colordiffuse="99AAAAAA">topbar.png</texture>
      </control>
      <control type="image">
        <posx>45</posx>
        <posy>7</posy>
        <width>200</width>
        <height>75</height>
        <aligny>center</aligny>
        <align>left</align>
        <texture>ceas.png</texture>
      </control>
      <control type="label">
        <description>time label</description>
        <posx>95</posx>
        <posy>5</posy>
        <width>0</width>
        <height>75</height>
        <aligny>center</aligny>
        <align>left</align>
        <font>bt_font30</font>
        <textcolor>FFFFFFFF</textcolor>
        <label>$INFO[System.Time(hh:mm)]</label>
      </control>
      <control type="label" id="1102">
        <description>title</description>
        <posx>0</posx>
        <posy>0</posy>
        <width>ScreenWidth</width>
        <height>90</height>
        <aligny>center</aligny>
        <align>center</align>
        <font>bt_font30</font>
        <textcolor>FFFFFFFF</textcolor>
        <label>Placeholder</label>
        <include>VisibleFadeEffect</include>
      </control>
    </control>
    <!--
This is the end of the header secion and beginning of the buttons
and contols.
-->
    <control type="group">
      <animation effect="slide" start="-500,0" end="50,0" time="500" tween="quadratic" easing="out">WindowOpen</animation>
      <animation effect="slide" start="50,0" end="-500,0" time="500" tween="quadratic" easing="out">WindowClose</animation>
      <control type="image">
        <posx>35</posx>
        <posy>85</posy>
        <width>430</width>
        <height>530</height>
        <aligny>center</aligny>
        <align>center</align>
        <texture border="20,20,20,20">bt_RecentAddedBack.png</texture>
      </control>
      <!--Radiobuttons-->
      <control type="radiobutton" id="1103">
        <type>radiobutton</type>
        <posx>50</posx>
        <posy>100</posy>
        <width>400</width>
        <height>80</height>
        <ondown>1104</ondown>
        <onright>1109</onright>
        <disabledcolor>FF505050</disabledcolor>
        <label>Bluetooth</label>
        <texturefocus border="4,4,4,4">bt_buttonfo.png</texturefocus>
        <texturenofocus border="4,4,4,4">bt_buttonnf.png</texturenofocus>
        <textoffsetx>40</textoffsetx>
        <font>bt_font30</font>
        <textcolor>0xFFFFFFFF</textcolor>
        <textureradioonfocus>bt_radiofo.png</textureradioonfocus>
        <textureradioonnofocus>bt_radiofo.png</textureradioonnofocus>
        <textureradioofffocus>bt_radionf.png</textureradioofffocus>
        <textureradiooffnofocus>bt_radionf.png</textureradiooffnofocus>
      </control>
      <control type="radiobutton" id="1104">
        <type>radiobutton</type>
        <posx>50</posx>
        <posy>185</posy>
        <width>400</width>
        <height>80</height>
        <onup>1103</onup>
        <ondown>1105</ondown>
        <onright>1109</onright>
        <disabledcolor>FF505050</disabledcolor>
        <label>Discoverable</label>
        <texturefocus border="4,4,4,4">bt_buttonfo.png</texturefocus>
        <texturenofocus border="4,4,4,4">bt_buttonnf.png</texturenofocus>
        <textoffsetx>40</textoffsetx>
        <font>bt_font30</font>
        <textcolor>0xFFFFFFFF</textcolor>
        <textureradioonfocus>bt_radiofo.png</textureradioonfocus>
        <textureradioonnofocus>bt_radiofo.png</textureradioonnofocus>
        <textureradioofffocus>bt_radionf.png</textureradioofffocus>
        <textureradiooffnofocus>bt_radionf.png</textureradiooffnofocus>
      </control>
      <control type="radiobutton" id="1105">
        <type>radiobutton</type>
        <posx>50</posx>
        <posy>270</posy>
        <width>400</width>
        <height>80</height>
        <onup>1104</onup>
        <ondown>1101</ondown>
        <onright>1109</onright>
        <disabledcolor>FF505050</disabledcolor>
        <label>Pairable</label>
        <texturefocus border="4,4,4,4">bt_buttonfo.png</texturefocus>
        <texturenofocus border="4,4,4,4">bt_buttonnf.png</texturenofocus>
        <textoffsetx>40</textoffsetx>
        <font>bt_font30</font>
        <textcolor>0xFFFFFFFF</textcolor>
        <textureradioonfocus>bt_radiofo.png</textureradioonfocus>
        <textureradioonnofocus>bt_radiofo.png</textureradioonnofocus>
        <textureradioofffocus>bt_radionf.png</textureradioofffocus>
        <textureradiooffnofocus>bt_radionf.png</textureradiooffnofocus>
      </control>
      <!-- Pairing code -->
      <control type="image">
        <posx>50</posx>
        <posy>400</posy>
        <width>400</width>
        <height>200</height>
        <aligny>center</aligny>
        <align>center</align>
        <texture border="4,4,4,4">bt_buttonnf.png</texture>
      </control>
      <control type="label">
        <posx>75</posx>
        <posy>400</posy>
        <width>ScreenWidth</width>
        <height>100</height>
        <textcolor>FFFFFFFF</textcolor>
        <aligny>center</aligny>
        <align>left</align>
        <font>bt_font30</font>
        <label>Pairing code: [CR]$INFO[Window(Home).Property(pairing_code)]</label>
      </control>
    </control>
    <control type="group">
      <animation effect="slide" end="800,0" time="400" tween="quadratic" easing="out">WindowClose</animation>
      <animation effect="slide" start="800,0" time="400" tween="quadratic" easing="out">WindowOpen</animation>
      <animation_off effect="fade" time="750">WindowOpen</animation_off>
      <animation_off effect="fade" time="750">WindowClose</animation_off>
      <!--Device List-->
      <control type="image">
        <posx>570</posx>
        <posy>85</posy>
        <width>620</width>
        <height>530</height>
        <aligny>center</aligny>
        <align>center</align>
        <texture border="20,20,20,20">bt_RecentAddedBack.png</texture>
      </control>
      <control type="label">
        <posx>600</posx>
        <posy>110</posy>
        <width>600</width>
        <height>40</height>
        <textcolor>FFEB9E17</textcolor>
        <font>bt_font30</font>
        <label>Paired devices:</label>
        <aligny>top</aligny>
      </control>
      <control type="list" id="1109">
        <posx>580</posx>
        <posy>150</posy>
        <width>600</width>
        <height>500</height>
        <onleft>1103</onleft>
        <visible>true</visible>
        <viewtype label="3D list">list</viewtype>
        <itemlayout width="500" height="80">
          <control type="label">
            <posx>80</posx>
            <posy>0</posy>
            <width>600</width>
            <height>80</height>
            <font>bt_font16</font>
            <align>left</align>
            <aligny>center</aligny>
            <textcolor>FF777777</textcolor>
            <info>ListItem.Label</info>
          </control>
          <control type="image">
            <Desciption>BT ICON</Desciption>
            <posx>20</posx>
            <posy>15</posy>
            <width>50</width>
            <height>50</height>
            <aspectratio>stretch</aspectratio>
            <texture colordiffuse="99FFFFFF">$INFO[ListItem.Icon]</texture>
          </control>
        </itemlayout>
        <focusedlayout width="500" height="80">
          <!--has no Focus-->
          <control type="group">
            <visible>!Control.HasFocus(1109)</visible>
            <control type="label">
              <posx>80</posx>
              <posy>0</posy>
              <width>600</width>
              <height>80</height>
              <font>bt_font16</font>
              <aligny>center</aligny>
              <align>left</align>
              <textcolor>FF777777</textcolor>
              <info>ListItem.Label</info>
            </control>
            <control type="image">
              <Desciption>Grey Bars</Desciption>
              <posx>10</posx>
              <posy>0</posy>
              <width>580</width>
              <height>80</height>
              <aligny>center</aligny>
              <align>center</align>
              <texture border="50,8,50,8">bt_listnf.png</texture>
            </control>
            <control type="image">
              <Desciption>BT ICON</Desciption>
              <posx>20</posx>
              <posy>15</posy>
              <width>50</width>
              <height>50</height>
              <aspectratio>stretch</aspectratio>
              <visible>!Control.HasFocus(1109)</visible>
              <texture colordiffuse="99FFFFFF">$INFO[ListItem.Icon]</texture>
            </control>
          </control>
          <!--has Focus-->
          <control type="group">
            <visible>Control.HasFocus(1109)</visible>
            <control type="label">
              <posx>80</posx>
              <posy>0</posy>
              <width>600</width>
              <height>80</height>
              <font>bt_font16</font>
              <aligny>center</aligny>
              <align>left</align>
              <textcolor>FFFFFFFF</textcolor>
              <info>ListItem.Label</info>
            </control>
            <control type="image">
              <Desciption>Blue Bars</Desciption>
              <posx>10</posx>
              <posy>0</posy>
              <width>580</width>
              <height>80</height>
              <aligny>center</aligny>
              <align>center</align>
              <texture border="50,8,50,8">bt_listfo.png</texture>
            </control>
            <control type="image">
              <Desciption>BT ICON</Desciption>
              <posx>20</posx>
              <posy>15</posy>
              <width>50</width>
              <height>50</height>
              <aspectratio>stretch</aspectratio>
              <texture>$INFO[ListItem.Icon]</texture>
            </control>
          </control>
        </focusedlayout>
      </control>
    </control>
    <!--Bottom Bar-->
    <control type="group">
      <include>Window_OpenClose_Animation_Slide_Up</include>
      <control type="image">
        <left>0</left>
        <top>100r</top>
        <width>1280</width>
        <height>100</height>
        <texture_off colordiffuse="AAFFFFFF">floor.png</texture_off>
        <texture flipy="true" colordiffuse="99AAAAAA">topbar.png</texture>
      </control>
      <!--Back button -->
      <control type="button" id="1101">
        <posx>7</posx>
        <posy>90r</posy>
        <width>83</width>
        <height>83</height>
        <onup>1105</onup>
        <onright>1107</onright>
        <texturenofocus border="4,4,4,4">bt_buttonnf.png</texturenofocus>
        <texturefocus border="4,4,4,4">bt_buttonfo.png</texturefocus>
        <disabledcolor>FF505050</disabledcolor>
      </control>
      <control type="image">
        <posx>7</posx>
        <posy>90r</posy>
        <width>80</width>
        <height>80</height>
        <aligny>center</aligny>
        <align>center</align>
        <texture>icon_back_w.png</texture>
      </control>
      <!--Status Label-->
      <control type="label" id="1106">
        <description>title</description>
        <posx>100</posx>
        <posy>100r</posy>
        <width>ScreenWidth</width>
        <height>100</height>
        <aligny>center</aligny>
        <align>left</align>
        <font>bt_font26</font>
        <textcolor>FFFFFFFF</textcolor>
        <label>Status:</label>
      </control>
      <!-- BT disconnect button -->
      <control type="button" id="1107">
        <posx>90r</posx>
        <posy>90r</posy>
        <width>83</width>
        <height>83</height>
        <onleft>1101</onleft>
        <onup>1105</onup>
        <texturefocus border="4,4,4,4">bt_buttonfo.png</texturefocus>
        <texturenofocus border="4,4,4,4">bt_buttonnf.png</texturenofocus>
      </control>
      <control type="button" id="1108">
        <posx>85r</posx>
        <posy>85r</posy>
        <width>70</width>
        <height>70</height>
        <texturenofocus>bluetooth_cancel.png</texturenofocus>
        <texturefocus>bluetooth_cancel.png</texturefocus>
      </control>
    </control>
  </controls>
</window>