﻿<?xml version="1.0" encoding="utf-8"?>
<fonts>
  <fontset>
    <!-- Arial Font better for non English -->
    <font>
      <name>bt_font10</name>
      <filename>BT_FONT.TTF</filename>
      <size>12</size>
    </font>
    <font>
      <name>bt_font12</name>
      <filename>BT_FONT.TTF</filename>
      <size>15</size>
    </font>
    <font>
      <name>bt_font13</name>
      <filename>BT_FONT.TTF</filename>
      <size>18</size>
    </font>
    <font>
      <name>bt_font14</name>
      <filename>BT_FONT.TTF</filename>
      <size>20</size>
    </font>
    <font>
      <name>bt_font16</name>
      <filename>BT_FONT.TTF</filename>
      <size>23</size>
    </font>
    <font>
      <name>bt_font30</name>
      <filename>BT_FONT.TTF</filename>
      <size>40</size>
    </font>
    <font>
      <name>bt_fontContextMenu</name>
      <filename>BT_FONT.TTF</filename>
      <size>16</size>
    </font>
    <!-- Title Fonts -->
    <font>
      <name>bt_font10_title</name>
      <filename>BT_FONT.TTF</filename>
      <size>10</size>
      <style>bold</style>
    </font>
    <font>
      <name>bt_font12_title</name>
      <filename>BT_FONT.TTF</filename>
      <size>15</size>
      <style>bold</style>
    </font>
    <font>
      <name>bt_font13_title</name>
      <filename>BT_FONT.TTF</filename>
      <size>18</size>
      <style>bold</style>
    </font>
    <font>
      <name>bt_font24_title</name>
      <filename>BT_FONT.TTF</filename>
      <size>22</size>
      <style>bold</style>
    </font>
    <font>
      <name>bt_font28_title</name>
      <filename>BT_FONT.TTF</filename>
      <size>26</size>
      <style>bold</style>
    </font>
    <font>
      <name>bt_font30_title</name>
      <filename>BT_FONT.TTF</filename>
      <size>28</size>
      <style>bold</style>
    </font>
    <font>
      <name>bt_font35_title</name>
      <filename>BT_FONT.TTF</filename>
      <size>33</size>
      <style>bold</style>
    </font>
    <font>
      <name>bt_font_MainMenu</name>
      <filename>BT_FONT.TTF</filename>
      <size>35</size>
      <style>bold</style>
    </font>
    <font>
      <name>WeatherTemp</name>
      <filename>BT_FONT.TTF</filename>
      <size>80</size>
      <style>bold</style>
    </font>
  </fontset>
</fonts>