<fonts>
	<fontset id="Default" idloc="31390" unicode="true"> 
		<font>
			<name>MainLED_Large</name>
			<filename>TexasLED.ttf</filename>
			<size>100</size>
		</font>
		<font>
			<name>MainLED_Small</name>
			<filename>TexasLED.ttf</filename>
			<size>30</size>
		</font>
		<font>
			<name>MainLED_35</name>
			<filename>TexasLED.ttf</filename>
			<size>35</size>
		</font>
	
	<!-- Normal Fonts -->
	 	<font>
			<name>font10</name>
			<filename>DejaVuSans.ttf</filename>
			<size>16</size>
		</font>
	 	<font>
			<name>font12</name>
			<filename>DejaVuSans.ttf</filename>
			<size>20</size>
		</font>
	 	<font>
			<name>font12caps</name>
			<filename>DefaultCaps.ttf</filename>
			<size>20</size>
		</font>
	 	<font>
			<name>font13</name>
			<filename>DejaVuSans.ttf</filename>
			<size>24</size>
		</font>
	 	<font>
			<name>font13caps</name>
			<filename>DefaultCaps.ttf</filename>
			<size>24</size>
		</font>
	 	<font>
			<name>font16caps</name>
			<filename>DefaultCaps.ttf</filename>
			<size>25</size>
		</font>
	 	<font>
			<name>font30</name>
			<filename>DejaVuSans.ttf</filename>
			<size>30</size>
		</font>
	 	<font>
			<name>fontContextMenu</name>
			<filename>DejaVuSans.ttf</filename>
			<size>22</size>
		</font>


	<!-- Title Fonts -->
	 	<font>
			<name>font10_title</name>
			<filename>DejaVuSans-Bold.ttf</filename>
			<size>16</size>
		</font>
	 	<font>
			<name>font12_title</name>
			<filename>DejaVuSans-Bold.ttf</filename>
			<size>20</size>
		</font>
	 	<font>
			<name>font13_title</name>
			<filename>DejaVuSans-Bold.ttf</filename>
			<size>22</size>
		</font>
	 	<font>
			<name>font24_title</name>
			<filename>DejaVuSans-Bold.ttf</filename>
			<size>24</size>
		</font>
	 	<font>
			<name>font28_title</name>
			<filename>DejaVuSans-Bold.ttf</filename>
			<size>28</size>
		</font>
	 	<font>
			<name>font30_title</name>
			<filename>DejaVuSans-Bold.ttf</filename>
			<size>30</size>
		</font>
	 	<font>
			<name>font35_title</name>
			<filename>DejaVuSans-Bold.ttf</filename>
			<size>35</size>
		</font>
	 	<font>
			<name>font50caps_title</name>
			<filename>DejaVuSans-Bold-Caps.ttf</filename>
			<size>40</size>
		</font>
	 	<font>
			<name>font45caps_title</name>
			<filename>DejaVuSans-Bold-Caps.ttf</filename>
			<size>45</size>
		</font>

	 	<font>
			<name>WeatherTemp</name>
			<filename>DejaVuSans-Bold.ttf</filename>
			<size>80</size>
		</font>
<font>
	<name>osmc_addon_Font60</name>
	<filename>OpenSans-Regular.ttf</filename>
	<size>60</size>
</font>
<font>
	<name>osmc_addon_Font40</name>
	<filename>OpenSans-Regular.ttf</filename>
	<size>40</size>
</font>
<font>
	<name>osmc_addon_Font30</name>
	<filename>OpenSans-Regular.ttf</filename>
	<linespacing>0.88</linespacing>
	<size>30</size>
</font>
<font>
	<name>osmc_addon_Font26</name>
	<filename>OpenSans-Regular.ttf</filename>
	<linespacing>0.88</linespacing>
	<size>26</size>
</font>

<!-- Old fonts -->

<font>
	<name>osmc_addon_OLD_Font72</name>
	<filename>Roboto-Light.ttf</filename>
	<size>72</size>
</font>
<font>
	<name>osmc_addon_OLD_Font48</name>
	<filename>Roboto-Light.ttf</filename>
	<size>48</size>
</font>
<font>
	<name>osmc_addon_OLD_Font42</name>
	<filename>Roboto-Light.ttf</filename>
	<size>42</size>
</font>
<font>
	<name>osmc_addon_OLD_Font36</name>
	<filename>Roboto-Light.ttf</filename>
	<size>36</size>
	<linespacing>1.3</linespacing>
</font>
<font>
	<name>osmc_addon_OLD_Font33</name>
	<filename>Roboto-Light.ttf</filename>
	<size>33</size>
</font>
<font>
	<name>osmc_addon_OLD_Font30</name>
	<filename>Roboto-Light.ttf</filename>
	<size>30</size>
</font>
<font>
	<name>osmc_addon_OLD_Font27</name>
	<filename>Roboto-Light.ttf</filename>
	<size>27</size>
	<linespacing>1.3</linespacing>
</font>
<font>
	<name>osmc_addon_OLD_Font25</name>
	<filename>Roboto-Light.ttf</filename>
	<size>25</size>
	<linespacing>1.3</linespacing>
</font>
	</fontset>

	<fontset id="Default_NoCaps" idloc="31391" unicode="true">
	<!-- Normal Fonts -->
	 	<font>
			<name>font10</name>
			<filename>DejaVuSans.ttf</filename>
			<size>12</size>
		</font>
	 	<font>
			<name>font12</name>
			<filename>DejaVuSans.ttf</filename>
			<size>16</size>
		</font>
	 	<font>
			<name>font12caps</name>
			<filename>DejaVuSans.ttf</filename>
			<size>16</size>
		</font>
	 	<font>
			<name>font13</name>
			<filename>DejaVuSans.ttf</filename>
			<size>20</size>
		</font>
	 	<font>
			<name>font13caps</name>
			<filename>DejaVuSans.ttf</filename>
			<size>20</size>
		</font>
	 	<font>
			<name>font16caps</name>
			<filename>DejaVuSans.ttf</filename>
			<size>25</size>
		</font>
	 	<font>
			<name>font30</name>
			<filename>DejaVuSans.ttf</filename>
			<size>30</size>
		</font>
	 	<font>
			<name>fontContextMenu</name>
			<filename>DejaVuSans.ttf</filename>
			<size>18</size>
		</font>


	<!-- Title Fonts -->
	 	<font>
			<name>font10_title</name>
			<filename>DejaVuSans-Bold.ttf</filename>
			<size>12</size>
		</font>
	 	<font>
			<name>font12_title</name>
			<filename>DejaVuSans-Bold.ttf</filename>
			<size>16</size>
		</font>
	 	<font>
			<name>font13_title</name>
			<filename>DejaVuSans-Bold.ttf</filename>
			<size>20</size>
		</font>
	 	<font>
			<name>font24_title</name>
			<filename>DejaVuSans-Bold.ttf</filename>
			<size>24</size>
		</font>
	 	<font>
			<name>font28_title</name>
			<filename>DejaVuSans-Bold.ttf</filename>
			<size>28</size>
		</font>
	 	<font>
			<name>font30_title</name>
			<filename>DejaVuSans-Bold.ttf</filename>
			<size>30</size>
		</font>
	 	<font>
			<name>font35_title</name>
			<filename>DejaVuSans-Bold.ttf</filename>
			<size>35</size>
		</font>
	 	<font>
			<name>font45caps_title</name>
			<filename>DejaVuSans-Bold-Caps.ttf</filename>
			<size>45</size>
		</font>
	 	<font>
			<name>font50caps_title</name>
			<filename>DejaVuSans-Bold.ttf</filename>
			<size>40</size>
		</font>

	 	<font>
			<name>WeatherTemp</name>
			<filename>DejaVuSans-Bold.ttf</filename>
			<size>80</size>
		</font>
	</fontset>

	<fontset id="Arial" idloc="31392" unicode="true">
	<!-- Normal Fonts -->
	 	<font>
			<name>font10</name>
			<filename>Arial.ttf</filename>
			<size>12</size>
		</font>
	 	<font>
			<name>font12</name>
			<filename>Arial.ttf</filename>
			<size>16</size>
		</font>
	 	<font>
			<name>font12caps</name>
			<filename>Arial.ttf</filename>
			<size>16</size>
		</font>
	 	<font>
			<name>font13</name>
			<filename>Arial.ttf</filename>
			<size>20</size>
		</font>
	 	<font>
			<name>font13caps</name>
			<filename>Arial.ttf</filename>
			<size>20</size>
		</font>
	 	<font>
			<name>font16caps</name>
			<filename>Arial.ttf</filename>
			<size>25</size>
		</font>
	 	<font>
			<name>font30</name>
			<filename>Arial.ttf</filename>
			<size>30</size>
		</font>
	 	<font>
			<name>fontContextMenu</name>
			<filename>Arial.ttf</filename>
			<size>18</size>
		</font>


	<!-- Title Fonts -->
	 	<font>
			<name>font10_title</name>
			<filename>Arial.ttf</filename>
			<size>12</size>
		</font>
	 	<font>
			<name>font12_title</name>
			<filename>Arial.ttf</filename>
			<size>16</size>
		</font>
	 	<font>
			<name>font13_title</name>
			<filename>Arial.ttf</filename>
			<size>20</size>
		</font>
	 	<font>
			<name>font24_title</name>
			<filename>Arial.ttf</filename>
			<size>24</size>
		</font>
	 	<font>
			<name>font28_title</name>
			<filename>Arial.ttf</filename>
			<size>28</size>
		</font>
	 	<font>
			<name>font30_title</name>
			<filename>Arial.ttf</filename>
			<size>30</size>
		</font>
	 	<font>
			<name>font35_title</name>
			<filename>Arial.ttf</filename>
			<size>35</size>
		</font>
	 	<font>
			<name>font50caps_title</name>
			<filename>Arial.ttf</filename>
			<size>40</size>
		</font>
	 	<font>
			<name>font45caps_title</name>
			<filename>Arial.ttf</filename>
			<size>45</size>
		</font>

	 	<font>
			<name>WeatherTemp</name>
			<filename>Arial.ttf</filename>
			<size>80</size>
		</font>
	</fontset>
</fonts>
