<window id="40">
	<defaultcontrol always="true">50</defaultcontrol>
	<allowoverlay>no</allowoverlay>
	<views>50,51,550,551</views>
	<controls>
		<include>CommonSettingsBackground</include>
		<include>CommonMediaPlayingBackground</include>
		<include>ContentPanelBackgrounds</include>
		<control type="group">
			<include>Window_OpenClose_Animation</include>		
			<include>CommonRootView</include> <!-- view id = 50 -->
			<include>FullWidthList</include> <!-- view id = 51 -->
			<include>AddonInfoListView1</include> <!-- view id = 550 -->
			<include>AddonInfoThumbView1</include> <!-- view id = 551 -->
		</control>
		<include>CommonPageCount</include>
		<include>CommonNowPlaying</include>
		<include>BehindDialogFadeOut</include>
		<include>ScrollOffsetLabel</include>
		<control type="group">
			<posx>-250</posx>
			<include>SideBladeLeft</include>
			<control type="grouplist" id="9000">
				<posx>0</posx>
				<posy>110</posy>
				<width>250</width>
				<height>600</height>
				<onleft>9000</onleft>
				<onright>50</onright>
				<onup>9000</onup>
				<ondown>9000</ondown>
				<onback>50</onback>
				<itemgap>0</itemgap>
				<control type="label" id="200">
					<width>250</width>
					<height>35</height>
					<font>font12caps</font>
					<label>31006</label>
					<textcolor>blue</textcolor>
					<align>center</align>
					<aligny>center</aligny>
				</control>
				<control type="button" id="2">
					<description>View As button</description>
					<textwidth>235</textwidth>
					<include>ButtonCommonValues</include>
					<label>-</label>
				</control>
				<control type="button" id="3">
					<description>Sort by button</description>
					<include>ButtonCommonValues</include>
					<label>103</label>
				</control>
				<control type="togglebutton" id="4">
					<description>Sort asc</description>
					<include>ButtonCommonValues</include>
					<alttexturefocus border="5">button-focus.png</alttexturefocus>
					<alttexturenofocus>-</alttexturenofocus>
					<label>31051</label>
					<altlabel>31050</altlabel>
					<usealttexture>Container.SortDirection(Ascending)</usealttexture>
				</control>
				<control type="label" id="201">
					<width>250</width>
					<height>35</height>
					<font>font12caps</font>
					<label>31026</label>
					<textcolor>blue</textcolor>
					<align>center</align>
					<aligny>center</aligny>
				</control>
				<control type="radiobutton" id ="5">
					<description>Enable auto-updates</description>
					<posx>0</posx>
					<posy>130</posy>
					<include>ButtonCommonValues</include>
					<label>24063</label>
				</control>
				<control type="radiobutton" id ="6">
					<description>No notifications</description>
					<posx>0</posx>
					<posy>170</posy>
					<include>ButtonCommonValues</include>
					<label>25000</label>
				</control>
				<include>CommonNowPlaying_Controls</include>
			</control>
		</control>
		<control type="group">
			<posx>520</posx>
			<posy>0</posy>
			<visible>!IsEmpty(Container.Property(AddonCategory))</visible>
			<include>VisibleFadeEffect</include>
			<animation effect="slide" end="-710,0" time="400" tween="quadratic" easing="out">WindowClose</animation>
			<animation effect="slide" start="-710,0" time="400" tween="quadratic" easing="out">WindowOpen</animation>
			<control type="image">
				<posx>0</posx>
				<posy>0</posy>
				<width>300</width>
				<height>35</height>
				<texture border="0,0,32,0">header.png</texture>
			</control>
			<control type="fadelabel">
				<width>200</width>
				<include>WindowTitleCommons</include>
				<posx>70</posx>
				<scrollout>false</scrollout>
				<pauseatend>2000</pauseatend>
				<label>$INFO[Container.Property(AddonCategory)]</label>
			</control>
		</control>
		<control type="group">
			<posx>240</posx>
			<posy>0</posy>
			<visible>!IsEmpty(Container.Property(RepoName))</visible>
			<include>VisibleFadeEffect</include>
			<animation effect="slide" end="-600,0" time="400" tween="quadratic" easing="out">WindowClose</animation>
			<animation effect="slide" start="-600,0" time="400" tween="quadratic" easing="out">WindowOpen</animation>
			<control type="image">
				<posx>0</posx>
				<posy>0</posy>
				<width>350</width>
				<height>35</height>
				<texture border="0,0,32,0">header.png</texture>
			</control>
			<control type="fadelabel">
				<width>250</width>
				<include>WindowTitleCommons</include>
				<posx>70</posx>
				<scrollout>false</scrollout>
				<pauseatend>2000</pauseatend>
				<label>$INFO[Container.Property(RepoName)]</label>
			</control>
		</control>
		<control type="group">
			<posx>60</posx>
			<posy>0</posy>
			<animation effect="slide" end="-310,0" time="400" tween="quadratic" easing="out">WindowClose</animation>
			<animation effect="slide" start="-310,0" time="400" tween="quadratic" easing="out">WindowOpen</animation>
			<control type="image">
				<posx>0</posx>
				<posy>0</posy>
				<width>250</width>
				<height>35</height>
				<texture border="0,0,32,0">header.png</texture>
			</control>
			<control type="label">
				<include>WindowTitleCommons</include>
				<posx>220</posx>
				<label>$LOCALIZE[24001]</label>
			</control>
		</control>
		<include>WindowTitleHomeButton</include>
		<include>Clock</include>
	</controls>
</window>
