﻿<?xml version="1.0" encoding="utf-8"?>
<window id="113">
  <defaultcontrol>-</defaultcontrol>
  <include>dialogeffect</include>
  <coordinates>
    <system>0</system>
    <posx>0</posx>
    <posy>0</posy>
  </coordinates>
  <controls>
    <control type="group">
      <posx>90r</posx>
      <posy>0</posy>
      <animation effect="slide" end="100,0" time="200" tween="quadratic" easing="out">WindowClose</animation>
      <animation effect="slide" start="100,0" time="200" tween="quadratic" easing="out">WindowOpen</animation>
      <control type="image">
        <posx>0</posx>
        <posy>0</posy>
        <width>100</width>
        <height>70</height>
        <texture flipx="true" border="32,0,0,0">header.png</texture>
      </control>
      <control type="image">
        <posx>25</posx>
        <posy>0</posy>
        <width>60</width>
        <height>60</height>
        <aspectratio>keep</aspectratio>
        <texture>icon-mute.png</texture>
      </control>
    </control>
  </controls>
</window>