<window id="110">
	<defaultcontrol always="true">1</defaultcontrol>
	<coordinates>
		<system>1</system>
		<posx>335</posx>
		<posy>235</posy>
	</coordinates>
	<include>dialogeffect</include>
	<controls>
		<control type="image">
			<posx>0</posx>
			<posy>0</posy>
			<width>610</width>
			<height>230</height>
			<texture border="40">DialogBack.png</texture>
		</control>
		<control type="image">
			<description>Dialog Header image</description>
			<posx>40</posx>
			<posy>16</posy>
			<width>530</width>
			<height>40</height>
			<texture>dialogheader.png</texture>
		</control>
		<control type="label" id="1">
			<description>header label</description>
			<posx>40</posx>
			<posy>20</posy>
			<width>530</width>
			<height>30</height>
			<font>font13_title</font>
			<label>$LOCALIZE[13406]</label>
			<align>center</align>
			<aligny>center</aligny>
			<textcolor>selected</textcolor>
			<shadowcolor>black</shadowcolor>
		</control>
		<control type="button">
			<description>Close Window button</description>
			<posx>520</posx>
			<posy>15</posy>
			<width>64</width>
			<height>32</height>
			<label>-</label>
			<font>-</font>
			<onclick>PreviousMenu</onclick>
			<texturefocus>DialogCloseButton-focus.png</texturefocus>
			<texturenofocus>DialogCloseButton.png</texturenofocus>
			<onleft>10</onleft>
			<onright>10</onright>
			<onup>10</onup>
			<ondown>10</ondown>
			<visible>system.getbool(input.enablemouse)</visible>
		</control>
		<control type="label" id="2">
			<description>dialog line 1</description>
			<posx>30</posx>
			<posy>70</posy>
			<width>550</width>
			<height>30</height>
			<align>left</align>
			<aligny>center</aligny>
			<label>-</label>
			<font>font13</font>
		</control>
		<control type="label" id="3">
			<description>dialog line 2</description>
			<posx>30</posx>
			<posy>95</posy>
			<width>550</width>
			<height>30</height>
			<align>left</align>
			<aligny>center</aligny>
			<label>-</label>
			<font>font13</font>
		</control>
		<control type="label" id="4">
			<description>dialog line 3</description>
			<posx>30</posx>
			<posy>130</posy>
			<width>550</width>
			<height>30</height>
			<align>left</align>
			<aligny>center</aligny>
			<label>-</label>
			<font>font35_title</font>
		</control>
	</controls>
</window>
