﻿<?xml version="1.0" encoding="utf-8"?>
<window id="0">
  <defaultcontrol always="true">9000</defaultcontrol>
  <allowoverlay>no</allowoverlay>
  <controls>
    <control type="multiimage">
      <posx>0</posx>
      <posy>0</posy>
      <width>1280</width>
      <height>720</height>
      <imagepath background="true">$INFO[Container(9000).ListItem.Icon]</imagepath>
      <timeperimage>8000</timeperimage>
      <randomize>true</randomize>
      <fadetime>1000</fadetime>
    </control>
    <include>CommonMediaPlayingBackground</include>
    <!-- Music Info -->
    <control type="group">
      <posx>0</posx>
      <posy>400r</posy>
      <visible>Player.HasAudio + !Skin.HasSetting(homepageMusicinfo)</visible>
      <include>VisibleFadeEffect</include>
      <include>Window_OpenClose_Animation</include>
      <animation effect="slide" end="0,30" time="0" condition="!system.getbool(lookandfeel.enablerssfeeds)">conditional</animation>
      <control type="image">
        <posx>101</posx>
        <posy>100</posy>
        <width>1280</width>
        <height>300</height>
        <texture>HomeNowPlayingBack.png</texture>
      </control>
      <control type="image">
        <description>Cover image</description>
        <posx>330r</posx>
        <visible>yes</visible>
        <posy>-155</posy>
        <width>300</width>
        <height>300</height>
        <aspectratio aligny="bottom">keep</aspectratio>
        <texture>$INFO[MusicPlayer.Cover]</texture>
        <bordertexture border="8">ThumbBorder.png</bordertexture>
        <bordersize>5</bordersize>
        <animation_OFF type="WindowOpen">
          <effect type="fade" time="1"></effect>
          <effect type="slide" end="400,0" delay="7000" time="500"></effect>
          <effect type="zoom" start="100" end="0" delay="7000" time="400"></effect>
        </animation_OFF>
      </control>
      <control type="label">
        <description>NowPlaying label</description>
        <posx>30r</posx>
        <posy>125</posy>
        <height>30</height>
        <width>840</width>
        <label>$LOCALIZE[31040]</label>
        <align>right</align>
        <aligny>center</aligny>
        <font>font35_title</font>
        <textcolor>blue</textcolor>
        <shadowcolor>black</shadowcolor>
        <visible>no</visible>
      </control>
      <control type="label">
        <description>Artist label</description>
        <posx>30r</posx>
        <posy>170</posy>
        <height>30</height>
        <width>840</width>
        <label>$INFO[MusicPlayer.Artist]</label>
        <align>right</align>
        <aligny>center</aligny>
        <font>font50caps_title</font>
        <textcolor>white</textcolor>
        <shadowcolor>black</shadowcolor>
        <scroll>true</scroll>
      </control>
      <control type="label">
        <description>Album Label</description>
        <posx>30r</posx>
        <posy>220</posy>
        <height>30</height>
        <width>840</width>
        <label>$INFO[MusicPlayer.Album]$INFO[musicplayer.discnumber, - $LOCALIZE[427]:]</label>
        <align>right</align>
        <aligny>center</aligny>
        <font>font50caps_title</font>
        <textcolor>white</textcolor>
        <shadowcolor>black</shadowcolor>
        <scrolltime>750</scrolltime>
        <scroll>true</scroll>
      </control>
      <control type="label">
        <description>Title label</description>
        <posx>30r</posx>
        <posy>275</posy>
        <height>30</height>
        <width>840</width>
        <label>$INFO[MusicPlayer.Title]</label>
        <align>right</align>
        <aligny>center</aligny>
        <font>font50caps_title</font>
        <textcolor>white</textcolor>
        <shadowcolor>black</shadowcolor>
        <scroll>true</scroll>
      </control>
      <control type="label">
        <description>Time Label</description>
        <posx>30r</posx>
        <posy>325</posy>
        <height>30</height>
        <width>700</width>
        <label>$INFO[Player.Time]$INFO[Player.Duration, / ]</label>
        <align>right</align>
        <aligny>center</aligny>
        <font>font50caps_title</font>
        <textcolor>white</textcolor>
        <shadowcolor>black</shadowcolor>
      </control>
    </control>
    <!-- Video Info -->
    <control type="group">
      <posx>0</posx>
      <posy>400r</posy>
      <visible>Player.HasVideo + !Skin.HasSetting(homepageVideoinfo)</visible>
      <include>VisibleFadeEffect</include>
      <include>Window_OpenClose_Animation</include>
      <animation effect="slide" end="0,30" time="0" condition="!system.getbool(lookandfeel.enablerssfeeds)">conditional</animation>
      <control type="image">
        <posx>0</posx>
        <posy>150</posy>
        <width>1280</width>
        <height>250</height>
        <texture>HomeNowPlayingBack.png</texture>
      </control>
      <control type="group">
        <visible>!VideoPlayer.Content(Movies) + !VideoPlayer.Content(Episodes)</visible>
        <control type="image">
          <description>Cover image</description>
          <posx>200r</posx>
          <posy>160</posy>
          <width>180</width>
          <height>180</height>
          <aspectratio aligny="bottom">keep</aspectratio>
          <texture>$INFO[VideoPlayer.Cover]</texture>
          <bordertexture border="8">ThumbBorder.png</bordertexture>
          <bordersize>5</bordersize>
          <visible>no</visible>
        </control>
        <control type="label">
          <description>NowPlaying label</description>
          <posx>30r</posx>
          <posy>220</posy>
          <height>30</height>
          <width>840</width>
          <label>$LOCALIZE[31040]</label>
          <align>right</align>
          <aligny>center</aligny>
          <font>font50caps_title</font>
          <textcolor>blue</textcolor>
          <shadowcolor>black</shadowcolor>
          <visible>no</visible>
        </control>
        <control type="label">
          <description>Title label</description>
          <posx>30r</posx>
          <posy>275</posy>
          <height>30</height>
          <width>840</width>
          <label>$INFO[VideoPlayer.Title]</label>
          <align>right</align>
          <aligny>center</aligny>
          <font>font50caps_title</font>
          <textcolor>white</textcolor>
          <shadowcolor>black</shadowcolor>
        </control>
        <control type="label">
          <description>Time Label</description>
          <posx>30r</posx>
          <posy>325</posy>
          <height>30</height>
          <width>700</width>
          <label>$INFO[Player.Time]$INFO[Player.Duration, / ]</label>
          <align>right</align>
          <aligny>center</aligny>
          <font>font50caps_title</font>
          <textcolor>white</textcolor>
          <shadowcolor>black</shadowcolor>
        </control>
      </control>
      <control type="group">
        <visible>VideoPlayer.Content(Movies)</visible>
        <control type="image">
          <description>Cover image</description>
          <posx>200r</posx>
          <posy>0</posy>
          <width>180</width>
          <height>340</height>
          <aspectratio aligny="bottom">keep</aspectratio>
          <texture>$INFO[VideoPlayer.Cover]</texture>
          <bordertexture border="8">ThumbBorder.png</bordertexture>
          <bordersize>5</bordersize>
          <visible>no</visible>
        </control>
        <control type="label">
          <description>NowPlaying label</description>
          <posx>210r</posx>
          <posy>210</posy>
          <height>30</height>
          <width>660</width>
          <label>$LOCALIZE[31040]</label>
          <align>right</align>
          <aligny>center</aligny>
          <font>font12_title</font>
          <textcolor>blue</textcolor>
          <shadowcolor>black</shadowcolor>
          <visible>no</visible>
        </control>
        <control type="label">
          <description>Studio label</description>
          <posx>210r</posx>
          <posy>235</posy>
          <height>30</height>
          <width>660</width>
          <label>$INFO[VideoPlayer.Studio]</label>
          <align>right</align>
          <aligny>center</aligny>
          <font>font12_title</font>
          <textcolor>white</textcolor>
          <shadowcolor>black</shadowcolor>
        </control>
        <control type="label">
          <description>Genre Label</description>
          <posx>210r</posx>
          <posy>260</posy>
          <height>30</height>
          <width>660</width>
          <label>$INFO[VideoPlayer.Genre]</label>
          <align>right</align>
          <aligny>center</aligny>
          <font>font12</font>
          <textcolor>white</textcolor>
          <shadowcolor>black</shadowcolor>
        </control>
        <control type="label">
          <description>Title label</description>
          <posx>210r</posx>
          <posy>285</posy>
          <height>30</height>
          <width>660</width>
          <label>$INFO[VideoPlayer.Title]$INFO[VideoPlayer.Year,[COLOR=grey] (,)[/COLOR]]</label>
          <align>right</align>
          <aligny>center</aligny>
          <font>font13_title</font>
          <textcolor>white</textcolor>
          <shadowcolor>black</shadowcolor>
        </control>
        <control type="label">
          <description>Time Label</description>
          <posx>210r</posx>
          <posy>310</posy>
          <height>30</height>
          <width>325</width>
          <label>$INFO[Player.Time]$INFO[Player.Duration, / ]</label>
          <align>right</align>
          <aligny>center</aligny>
          <font>font12</font>
          <textcolor>white</textcolor>
          <shadowcolor>black</shadowcolor>
        </control>
      </control>
      <control type="group">
        <visible>VideoPlayer.Content(Episodes)</visible>
        <control type="image">
          <description>Cover image</description>
          <posx>250r</posx>
          <posy>0</posy>
          <width>230</width>
          <height>340</height>
          <aspectratio aligny="bottom">keep</aspectratio>
          <texture>$INFO[VideoPlayer.Cover]</texture>
          <bordertexture border="8">ThumbBorder.png</bordertexture>
          <bordersize>5</bordersize>
        </control>
        <control type="label">
          <description>NowPlaying label</description>
          <posx>260r</posx>
          <posy>210</posy>
          <height>30</height>
          <width>610</width>
          <label>$LOCALIZE[31040]</label>
          <align>right</align>
          <aligny>center</aligny>
          <font>font12_title</font>
          <textcolor>blue</textcolor>
          <shadowcolor>black</shadowcolor>
          <visible>no</visible>
        </control>
        <control type="label">
          <description>TV Show label</description>
          <posx>260r</posx>
          <posy>235</posy>
          <height>30</height>
          <width>610</width>
          <label>$INFO[VideoPlayer.TVShowTitle]</label>
          <align>right</align>
          <aligny>center</aligny>
          <font>font12_title</font>
          <textcolor>white</textcolor>
          <shadowcolor>black</shadowcolor>
        </control>
        <control type="label">
          <description>Season Ep Label</description>
          <posx>260r</posx>
          <posy>260</posy>
          <height>30</height>
          <width>610</width>
          <label>$LOCALIZE[20373] $INFO[VideoPlayer.Season] - $LOCALIZE[20359] $INFO[VideoPlayer.episode]</label>
          <align>right</align>
          <aligny>center</aligny>
          <font>font12</font>
          <textcolor>white</textcolor>
          <shadowcolor>black</shadowcolor>
        </control>
        <control type="label">
          <description>Title label</description>
          <posx>260r</posx>
          <posy>285</posy>
          <height>30</height>
          <width>610</width>
          <label>$INFO[VideoPlayer.Title]</label>
          <align>right</align>
          <aligny>center</aligny>
          <font>font13_title</font>
          <textcolor>white</textcolor>
          <shadowcolor>black</shadowcolor>
        </control>
        <control type="label">
          <description>Time Label</description>
          <posx>260r</posx>
          <posy>310</posy>
          <height>30</height>
          <width>325</width>
          <label>$INFO[Player.Time]$INFO[Player.Duration, / ]</label>
          <align>right</align>
          <aligny>center</aligny>
          <font>font12</font>
          <textcolor>white</textcolor>
          <shadowcolor>black</shadowcolor>
        </control>
      </control>
    </control>
    <include condition="Skin.HasSetting(homepageShowRecentlyAdded)">HomeRecentlyAddedInfo</include>
    <!--Menulist-->
    <control type="group">
      <animation effect="slide" end="-450,0" time="500" tween="quadratic" easing="out">WindowClose</animation>
      <animation effect="slide" start="-450,0" time="500" tween="quadratic" easing="out">WindowOpen</animation>
      <control type="group">
        <animation effect="slide" end="-228,0" time="300" tween="quadratic" easing="out">WindowClose</animation>
        <control type="image">
          <posx>379</posx>
          <posy>0</posy>
          <width>1</width>
          <height>720</height>
          <texture>HomeBladeSub_Part1.png</texture>
          <animation effect="zoom" start="379,0,1,720" end="379,0,229,720" time="300" tween="quadratic" easing="out" condition="ControlGroup(9001).HasFocus | Control.HasFocus(9002)">Conditional</animation>
        </control>
        <control type="button" id="9002">
          <posx>380</posx>
          <posy>296</posy>
          <width>42</width>
          <height>128</height>
          <font>-</font>
          <texturefocus>HasSub.png</texturefocus>
          <texturenofocus>HasSub.png</texturenofocus>
          <visible>Container(9000).HasFocus(1) | Container(9000).HasFocus(2) | Container(9000).HasFocus(3) | Container(9000).HasFocus(4) | Container(9000).HasFocus(7) | Container(9000).HasFocus(10) | Container(9000).HasFocus(11) | Container(9000).HasFocus(20) | Container(9000).HasFocus(24)</visible>
          <animation effect="fade" time="200">VisibleChange</animation>
          <animation effect="fade" time="200" condition="![ControlGroup(9001).HasFocus | Control.HasFocus(9002)]">Conditional</animation>
          <animation effect="slide" end="228,0" time="300" tween="quadratic" easing="out" condition="ControlGroup(9001).HasFocus | Control.HasFocus(9002)">Conditional</animation>
          <include_off>VisibleFadeEffect</include_off>
        </control>
        <control type="image">
          <posx>380</posx>
          <posy>0</posy>
          <width>12</width>
          <height>720</height>
          <texture>HomeBladeSub_Part2.png</texture>
          <animation effect="slide" end="228,0" time="300" tween="quadratic" easing="out" condition="ControlGroup(9001).HasFocus | Control.HasFocus(9002)">Conditional</animation>
        </control>
      </control>
      <!--Submenu-->
      <control type="group" id="9001">
        <posx>170</posx>
        <posy>0</posy>
        <animation effect="fade" start="100" end="0" time="0" condition="![ControlGroup(9001).HasFocus | Control.HasFocus(9002)]">conditional</animation>
        <animation effect="fade" start="0" end="100" delay="300" time="200" condition="ControlGroup(9001).HasFocus | Control.HasFocus(9002)">conditional</animation>
        <animation effect="fade" start="100" end="0" time="0" condition="ControlGroup(9001).HasFocus | Control.HasFocus(9002)">WindowClose</animation>
        <animation effect="slide" end="210,0" time="300" tween="quadratic" easing="out" condition="ControlGroup(9001).HasFocus | Control.HasFocus(9002)">conditional</animation>
        <control type="grouplist" id="9010">
          <include>HomeSubMenuCommonValues</include>
          <onleft>9000</onleft>
          <onright>8000</onright>
          <onup>9010</onup>
          <ondown>9010</ondown>
          <visible>Container(9000).HasFocus(2)</visible>
          <include>HomeSubMenuVideos</include>
          <!-- Buttons for the grouplist -->
          <control type="button" id="90101">
            <label>Playlist</label>
            <onclick>ActivateWindow(VideoPlaylist)</onclick>
            <include>ButtonHomeSubCommonValues</include>
          </control>
        </control>
        <control type="grouplist" id="9011">
          <include>HomeSubMenuCommonValues</include>
          <onleft>9000</onleft>
          <onright>9001</onright>
          <onup>9011</onup>
          <ondown>9011</ondown>
          <visible>Container(9000).HasFocus(3)</visible>
          <include>HomeSubMenuMusic</include>
          <!-- Buttons for the grouplist -->
          <control type="button" id="90111">
            <label>Playlist</label>
            <onclick>ActivateWindow(MusicPlaylist)</onclick>
            <include>ButtonHomeSubCommonValues</include>
          </control>
        </control>
        <control type="grouplist" id="9013">
          <include>HomeSubMenuCommonValues</include>
          <onleft>9000</onleft>
          <onright>9001</onright>
          <onup>9013</onup>
          <ondown>9013</ondown>
          <visible>Container(9000).HasFocus(4)</visible>
          <include>HomeSubMenuPictures</include>
          <!-- Buttons for the grouplist -->
        </control>
        <control type="grouplist" id="9014">
          <include>HomeSubMenuCommonValues</include>
          <onleft>9000</onleft>
          <onright>9001</onright>
          <onup>9014</onup>
          <ondown>9014</ondown>
          <visible>Container(9000).HasFocus(7)</visible>
          <include>HomeSubMenuPlayDisc</include>
          <!-- Buttons for the grouplist -->
        </control>
        <control type="grouplist" id="9012">
          <include>HomeSubMenuCommonValues</include>
          <onleft>9000</onleft>
          <onright>9001</onright>
          <onup>9012</onup>
          <ondown>9012</ondown>
          <visible>Container(9000).HasFocus(20)</visible>
          <include>HomeSubMenuSystem</include>
          <!-- Buttons for the grouplist -->
        </control>
        <control type="grouplist" id="9015">
          <include>HomeSubMenuCommonValues</include>
          <onleft>9000</onleft>
          <onright>9001</onright>
          <onup>9015</onup>
          <ondown>9015</ondown>
          <visible>Container(9000).HasFocus(1)</visible>
          <include>HomeSubMenuPrograms</include>
          <!-- Buttons for the grouplist -->
        </control>
        <control type="grouplist" id="9016">
          <include>HomeSubMenuCommonValues</include>
          <onleft>9000</onleft>
          <onright>8000</onright>
          <onup>9016</onup>
          <ondown>9016</ondown>
          <visible>Container(9000).HasFocus(10)</visible>
          <include>HomeSubMenuMovies</include>
          <!-- Buttons for the grouplist -->
        </control>
        <control type="grouplist" id="9017">
          <include>HomeSubMenuCommonValues</include>
          <onleft>9000</onleft>
          <onright>8001</onright>
          <onup>9017</onup>
          <ondown>9017</ondown>
          <visible>Container(9000).HasFocus(11)</visible>
          <include>HomeSubMenuTVShows</include>
          <!-- Buttons for the grouplist -->
        </control>
        <control type="grouplist" id="9018">
          <defaultcontrol always="true">1</defaultcontrol>
          <posx>10</posx>
          <posy>0</posy>
          <width>240</width>
          <height>720</height>
          <align>center</align>
          <itemgap>0</itemgap>
          <onleft>9000</onleft>
          <onright>8001</onright>
          <onup>SetFocus(3)</onup>
          <ondown>SetFocus(2)</ondown>
          <visible>Container(9000).HasFocus(24)</visible>
          <!-- Buttons for the grouplist -->
          <control type="button" id="3">
            <description>normal Font</description>
            <height>300</height>
            <width>220</width>
            <textoffsetx>20</textoffsetx>
            <textwidth>195</textwidth>
            <aligny>center</aligny>
            <font>BMW_100</font>
            <textcolor>$VAR[MainMenuColor]</textcolor>
            <label>Vol +</label>
            <visible>Skin.HasSetting(DotMatrixFont)</visible>
            <pulseonselect>false</pulseonselect>
            <texturefocus border="5">button-focus.png</texturefocus>
            <texturenofocus border="5">button-nofocus.png</texturenofocus>
            <align>center</align>
            <onclick_off>left</onclick_off>
            <onfocus>VolumeUp</onfocus>
            <onfocus>AlarmClock(SwitchbacktoBtn1,SetFocus(1),00:00.700,silent)</onfocus>
            <animation_off effect="fade" end="60" time="0">WindowOpen</animation_off>
            <animation_off effect="fade" start="100" end="60" time="300">UnFocus</animation_off>
          </control>
          <control type="button" id="3">
            <description>normal Font</description>
            <height>300</height>
            <width>220</width>
            <textoffsetx>20</textoffsetx>
            <textwidth>195</textwidth>
            <aligny>center</aligny>
            <font>font40caps_title</font>
            <textcolor>$VAR[MainMenuColor]</textcolor>
            <label>Vol +</label>
            <visible>!Skin.HasSetting(DotMatrixFont)</visible>
            <pulseonselect>false</pulseonselect>
            <texturefocus border="5">button-focus.png</texturefocus>
            <texturenofocus border="5">button-nofocus.png</texturenofocus>
            <align>center</align>
            <onclick_off>left</onclick_off>
            <onfocus>VolumeUp</onfocus>
            <onfocus>AlarmClock(SwitchbacktoBtn1,SetFocus(1),00:00.700,silent)</onfocus>
            <animation_off effect="fade" end="60" time="0">WindowOpen</animation_off>
            <animation_off effect="fade" start="100" end="60" time="300">UnFocus</animation_off>
          </control>
          <control type="button" id="1">
            <height>720</height>
            <width>220</width>
            <textoffsetx>20</textoffsetx>
            <textwidth>195</textwidth>
            <aligny>center</aligny>
            <font>font40caps_title</font>
            <visible allowhiddenfocus="true">no</visible>
            <label>-</label>
            <pulseonselect>false</pulseonselect>
            <texturefocus border="5">button-focus.png</texturefocus>
            <texturenofocus border="5">button-nofocus.png</texturenofocus>
            <align>center</align>
            <onclick>left</onclick>
          </control>
          <control type="button" id="2">
            <height>300</height>
            <width>220</width>
            <textoffsetx>20</textoffsetx>
            <textwidth>195</textwidth>
            <aligny>center</aligny>
            <font>BMW_100</font>
            <textcolor>$VAR[MainMenuColor]</textcolor>
            <label>Vol -</label>
            <pulseonselect>false</pulseonselect>
            <texturefocus border="5">button-focus.png</texturefocus>
            <texturenofocus border="5">button-nofocus.png</texturenofocus>
            <align>center</align>
            <onclick_off>left</onclick_off>
            <onfocus>VolumeDown</onfocus>
            <onfocus>AlarmClock(SwitchbacktoBtn1,SetFocus(1),00:00.700,silent)</onfocus>
            <animation_off effect="fade" end="60" time="0">WindowOpen</animation_off>
            <animation_off effect="fade" start="100" end="60" time="300">UnFocus</animation_off>
            <visible>Skin.HasSetting(DotMatrixFont)</visible>
          </control>
          <control type="button" id="2">
            <height>300</height>
            <width>220</width>
            <textoffsetx>20</textoffsetx>
            <textwidth>195</textwidth>
            <aligny>center</aligny>
            <font>font40caps_title</font>
            <textcolor>$VAR[MainMenuColor]</textcolor>
            <label>Vol -</label>
            <pulseonselect>false</pulseonselect>
            <texturefocus border="5">button-focus.png</texturefocus>
            <texturenofocus border="5">button-nofocus.png</texturenofocus>
            <align>center</align>
            <onclick_off>left</onclick_off>
            <onfocus>VolumeDown</onfocus>
            <onfocus>AlarmClock(SwitchbacktoBtn1,SetFocus(1),00:00.700,silent)</onfocus>
            <animation_off effect="fade" end="60" time="0">WindowOpen</animation_off>
            <animation_off effect="fade" start="100" end="60" time="300">UnFocus</animation_off>
            <visible>!Skin.HasSetting(DotMatrixFont)</visible>
          </control>
        </control>
        <control type="group" id="9019">
          <defaultcontrol always="true">1</defaultcontrol>
          <posx>5</posx>
          <posy>-3</posy>
          <width>240</width>
          <height>720</height>
          <itemgap>0</itemgap>
          <onleft_off>9000</onleft_off>
          <onright_off>8001</onright_off>
          <visible>Container(9000).HasFocus(28)</visible>
          <!-- Buttons for the grouplist -->
          <!--X-Step: 115-->
          <!--Y-Step: 125-->
          <animation effect="slide" end="0,50" time="300" tween="quadratic" easing="out" condition="Window.IsVisible(115)">conditional</animation>
          <control_off type="button" id="301">
            <description>Close Window button</description>
            <posx>-12</posx>
            <posy>0</posy>
            <width>250</width>
            <height>115</height>
            <label>-</label>
            <font>-</font>
            <onclick>left</onclick>
            <texturefocus>DialogCloseButton-focus.png</texturefocus>
            <texturenofocus>DialogCloseButton.png</texturenofocus>
            <onleft>9000</onleft>
            <onright>8001</onright>
            <onup>602</onup>
            <ondown>600</ondown>
            <visible>!Window.IsActive(115)</visible>
          </control_off>
          <control type="button" id="301">
            <description>Close Window button</description>
            <posx>55</posx>
            <posy>5</posy>
            <width>115</width>
            <height>115</height>
            <label>-</label>
            <font>-</font>
            <onclick>left</onclick>
            <texturefocus>osdclosefo.png</texturefocus>
            <texturenofocus>osdclosenf.png</texturenofocus>
            <onleft>9000</onleft>
            <onright>8001</onright>
            <onup>602</onup>
            <ondown>600</ondown>
            <visible>!Window.IsActive(115)</visible>
          </control>
          <control type="button" id="600">
            <posx>0</posx>
            <posy>125</posy>
            <width>115</width>
            <height>115</height>
            <label>-</label>
            <texturefocus>OSDPrevTrackFO.png</texturefocus>
            <texturenofocus>OSDPrevTrackNF.png</texturenofocus>
            <onleft>SetFocus(301)</onleft>
            <onleft>9000</onleft>
            <onright>8001</onright>
            <onup>301</onup>
            <ondown>606</ondown>
            <onback>PreviousMenu</onback>
            <onclick>XBMC.PlayerControl(Previous)</onclick>
          </control>
          <control type="button" id="606">
            <posx>0</posx>
            <posy>245</posy>
            <width>115</width>
            <height>115</height>
            <label>-</label>
            <texturefocus>OSDRewindFO.png</texturefocus>
            <texturenofocus>OSDRewindNF.png</texturenofocus>
            <onup>600</onup>
            <ondown>603</ondown>
            <onclick>XBMC.PlayerControl(Rewind)</onclick>
            <visible_off>Window.IsVisible(MusicPlaylist) | Window.IsVisible(VideoPlaylist) | Player.HasVideo</visible_off>
            <onleft>SetFocus(301)</onleft>
            <onleft>9000</onleft>
            <onright>8001</onright>
            <onback>left</onback>
          </control>
          <control type="togglebutton" id="603">
            <posx>0</posx>
            <posy>365</posy>
            <width>115</width>
            <height>115</height>
            <label>-</label>
            <texturefocus>OSDPauseFO.png</texturefocus>
            <texturenofocus>OSDPauseNF.png</texturenofocus>
            <usealttexture>Player.Paused | Player.Forwarding | Player.Rewinding</usealttexture>
            <alttexturefocus>OSDPlayFO.png</alttexturefocus>
            <alttexturenofocus>OSDPlayNF.png</alttexturenofocus>
            <onup>606</onup>
            <ondown>604</ondown>
            <onclick>XBMC.PlayerControl(Play)</onclick>
            <onleft>SetFocus(301)</onleft>
            <onleft>9000</onleft>
            <onright>8001</onright>
            <onback>left</onback>
          </control>
          <control type="group">
            <!--Repeat-->
            <visible>!Window.IsVisible(MusicPlaylist) + !Window.IsVisible(VideoPlaylist) + !Player.HasVideo</visible>
            <posx>0</posx>
            <posy>485</posy>
            <control type="button" id="604">
              <width>115</width>
              <height>115</height>
              <label>-</label>
              <texturefocus>-</texturefocus>
              <texturenofocus>-</texturenofocus>
              <onclick>XBMC.PlayerControl(Repeat)</onclick>
              <onup>603</onup>
              <ondown>605</ondown>
              <onleft>SetFocus(301)</onleft>
              <onleft>9000</onleft>
              <onright>8001</onright>
              <onback>left</onback>
            </control>
            <control type="image">
              <width>115</width>
              <height>115</height>
              <texture>OSDRepeatNF.png</texture>
              <visible>!Playlist.IsRepeat + !Playlist.IsRepeatOne</visible>
              <visible>!Control.HasFocus(604)</visible>
            </control>
            <control type="image">
              <width>115</width>
              <height>115</height>
              <texture>OSDRepeatFO.png</texture>
              <visible>!Playlist.IsRepeat + !Playlist.IsRepeatOne</visible>
              <visible>Control.HasFocus(604)</visible>
            </control>
            <control type="image">
              <width>115</width>
              <height>115</height>
              <texture>OSDRepeatOneNF.png</texture>
              <visible>Playlist.IsRepeatOne</visible>
              <visible>!Control.HasFocus(604)</visible>
            </control>
            <control type="image">
              <width>115</width>
              <height>115</height>
              <texture>OSDRepeatOneFO.png</texture>
              <visible>Playlist.IsRepeatOne</visible>
              <visible>Control.HasFocus(604)</visible>
            </control>
            <control type="image">
              <width>115</width>
              <height>115</height>
              <texture>OSDRepeatAllNF.png</texture>
              <visible>Playlist.IsRepeat</visible>
              <visible>!Control.HasFocus(604)</visible>
            </control>
            <control type="image">
              <width>115</width>
              <height>115</height>
              <texture>OSDRepeatAllFO.png</texture>
              <visible>Playlist.IsRepeat</visible>
              <visible>Control.HasFocus(604)</visible>
            </control>
          </control>
          <control type="togglebutton" id="605">
            <posx>115</posx>
            <posy>485</posy>
            <width>115</width>
            <height>115</height>
            <label>-</label>
            <texturefocus>OSDRandomOffFO.png</texturefocus>
            <texturenofocus>OSDRandomOffNF.png</texturenofocus>
            <usealttexture>Playlist.IsRandom</usealttexture>
            <alttexturefocus>OSDRandomOnFO.png</alttexturefocus>
            <alttexturenofocus>OSDRandomOnNF.png</alttexturenofocus>
            <onclick>XBMC.PlayerControl(Random)</onclick>
            <onup>604</onup>
            <ondown>601</ondown>
            <onleft>SetFocus(301)</onleft>
            <onleft>9000</onleft>
            <onright>8001</onright>
            <onback>left</onback>
          </control>
          <control type="button" id="601">
            <posx>115</posx>
            <posy>365</posy>
            <width>115</width>
            <height>115</height>
            <label>-</label>
            <texturefocus>OSDStopFO.png</texturefocus>
            <texturenofocus>OSDStopNF.png</texturenofocus>
            <onup>605</onup>
            <ondown>607</ondown>
            <onclick>left</onclick>
            <onclick>XBMC.PlayerControl(Stop)</onclick>
            <onleft>SetFocus(301)</onleft>
            <onleft>9000</onleft>
            <onright>8001</onright>
            <onback>left</onback>
          </control>
          <control type="button" id="607">
            <posx>115</posx>
            <posy>245</posy>
            <width>115</width>
            <height>115</height>
            <label>-</label>
            <texturefocus>OSDForwardFO.png</texturefocus>
            <texturenofocus>OSDForwardNF.png</texturenofocus>
            <onup>601</onup>
            <ondown>602</ondown>
            <onclick>XBMC.PlayerControl(Forward)</onclick>
            <visible_off>Window.IsVisible(MusicPlaylist) | Window.IsVisible(VideoPlaylist) | Player.HasVideo</visible_off>
            <onleft>SetFocus(301)</onleft>
            <onleft>9000</onleft>
            <onright>8001</onright>
            <onback>left</onback>
          </control>
          <control type="button" id="602">
            <posx>115</posx>
            <posy>125</posy>
            <width>115</width>
            <height>115</height>
            <label>-</label>
            <texturefocus>OSDNextTrackFO.png</texturefocus>
            <texturenofocus>OSDNextTrackNF.png</texturenofocus>
            <onup>607</onup>
            <ondown>301</ondown>
            <onclick>XBMC.PlayerControl(Next)</onclick>
            <onleft>SetFocus(301)</onleft>
            <onleft>9000</onleft>
            <onright>8001</onright>
            <onback>left</onback>
          </control>
        </control>
        <control type="grouplist" id="9020">
          <include>HomeSubMenuCommonValues</include>
          <onleft>9000</onleft>
          <onright>8001</onright>
          <onup>9020</onup>
          <ondown>9020</ondown>
          <visible>Container(9000).HasFocus(12)</visible>
          <include>HomeSubMenuTV</include>
          <!-- Buttons for the grouplist -->
        </control>
      </control>
      <control type="image">
        <posx>-450</posx>
        <posy>0</posy>
        <width>846</width>
        <height>720</height>
        <colordiffuse>DAFFFFFF</colordiffuse>
        <texture>HomeBlade_bottom.png</texture>
      </control>
      <!--Itemlist-->
      <control type="fixedlist" id="9000">
        <hitrect x="50" y="50" w="330" h="620" />
        <posx>-20</posx>
        <posy>0</posy>
        <width>400</width>
        <height>720</height>
        <onleft>10</onleft>
        <onright>9001</onright>
        <onup>9000</onup>
        <ondown>9000</ondown>
        <pagecontrol>-</pagecontrol>
        <scrolltime>300</scrolltime>
        <focusposition>3</focusposition>
        <movement>1</movement>
        <animation effect="fade" start="0" end="100" time="200">Visible</animation>
        <animation effect="fade" start="100" end="30" time="200" condition="Window.IsVisible(1113) | ControlGroup(9001).HasFocus | ControlGroup(10).HasFocus | Control.HasFocus(8000) | Control.HasFocus(8001) | Control.HasFocus(9002)">conditional</animation>
        <itemlayout height="102" width="380">
          <control type="label">
            <posx>380</posx>
            <posy>0</posy>
            <width>380</width>
            <height>102</height>
            <font>font50caps_title</font>
            <textcolor>grey3</textcolor>
            <align>right</align>
            <aligny>center</aligny>
            <label>$INFO[ListItem.Label]</label>
            <visible>!Skin.HasSetting(DotMatrixFont)</visible>
            <animation effect="zoom" start="75" end="75" center="380,51" time="0" condition="true">Conditional</animation>
            <animation effect="fade" start="100" end="30" time="200" condition="Window.IsVisible(1113) | ControlGroup(9001).HasFocus | ControlGroup(10).HasFocus | Control.HasFocus(9002)">conditional</animation>
          </control>
          <control type="label">
            <posx>380</posx>
            <posy>0</posy>
            <width>380</width>
            <height>102</height>
            <font>BMW_100</font>
            <textcolor>grey3</textcolor>
            <align>right</align>
            <aligny>center</aligny>
            <label>$INFO[ListItem.Label]</label>
            <visible>Skin.HasSetting(DotMatrixFont)</visible>
            <animation effect="zoom" start="75" end="75" center="380,51" time="0" condition="true">Conditional</animation>
            <animation effect="fade" start="100" end="30" time="200" condition="Window.IsVisible(1113) | ControlGroup(9001).HasFocus | ControlGroup(10).HasFocus | Control.HasFocus(9002)">conditional</animation>
          </control>
        </itemlayout>
        <focusedlayout height="102" width="380">
          <pulseonselect>yes</pulseonselect>
          <control type="label">
            <posx>380</posx>
            <posy>0</posy>
            <width>380</width>
            <height>102</height>
            <font>font50caps_title</font>
            <textcolor_off>orange</textcolor_off>
            <textcolor>$VAR[MainMenuColor]</textcolor>
            <align>right</align>
            <aligny>center</aligny>
            <animation effect="zoom" start="75" end="95" center="380,51" time="200">Focus</animation>
            <animation effect="zoom" start="95" end="75" center="380,51" time="200">UnFocus</animation>
            <label>$INFO[ListItem.Label]</label>
            <animation effect="fade" condition="Skin.HasSetting(MenuVolumeControl)" time="400" start="100" end="30" pulse="true">Conditional</animation>
            <visible>!Skin.HasSetting(DotMatrixFont)</visible>
          </control>
          <control type="label">
            <posx>380</posx>
            <posy>0</posy>
            <width>380</width>
            <height>102</height>
            <font>BMW_100</font>
            <textcolor_off>orange</textcolor_off>
            <textcolor>$VAR[MainMenuColor]</textcolor>
            <align>right</align>
            <aligny>center</aligny>
            <animation effect="zoom" start="75" end="95" center="380,51" time="200">Focus</animation>
            <animation effect="zoom" start="95" end="75" center="380,51" time="200">UnFocus</animation>
            <label>$INFO[ListItem.Label]</label>
            <animation effect="fade" condition="Skin.HasSetting(MenuVolumeControl)" time="400" start="100" end="30" pulse="true">Conditional</animation>
            <visible>Skin.HasSetting(DotMatrixFont)</visible>
          </control>
        </focusedlayout>
        <content>
          <item id="6">
            <label>8</label>
            <onclick>ActivateWindow(Weather)</onclick>
            <icon>special://skin/backgrounds/weather.jpg</icon>
            <thumb>$INFO[Skin.String(Home_Custom_Back_Weather_Folder)]</thumb>
            <visible>!Skin.HasSetting(HomeMenuNoWeatherButton) + !IsEmpty(Weather.Plugin)</visible>
            <visible>!Skin.HasSetting(ShowWeatherFanart) | IsEmpty(Skin.String(WeatherFanartDir))</visible>
          </item>
          <item id="6">
            <label>8</label>
            <onclick>ActivateWindow(Weather)</onclick>
            <icon>special://skin/backgrounds/weather.jpg</icon>
            <thumb>$INFO[Skin.String(WeatherFanartDir)]$INFO[Weather.FanartCode]</thumb>
            <visible>!Skin.HasSetting(HomeMenuNoWeatherButton) + !IsEmpty(Weather.Plugin)</visible>
            <visible>Skin.HasSetting(ShowWeatherFanart) + !IsEmpty(Skin.String(WeatherFanartDir))</visible>
          </item>
          <item id="1">
            <label>0</label>
            <onclick>ActivateWindow(Programs,Addons,return)</onclick>
            <icon>special://skin/backgrounds/programs.jpg</icon>
            <thumb>$INFO[Skin.String(Home_Custom_Back_Programs_Folder)]</thumb>
            <visible>!Skin.HasSetting(HomeMenuNoProgramsButton)</visible>
          </item>
          <item id="4">
            <label>1</label>
            <onclick>ActivateWindow(Pictures)</onclick>
            <icon>special://skin/backgrounds/pictures.jpg</icon>
            <thumb>$INFO[Skin.String(Home_Custom_Back_Pictures_Folder)]</thumb>
            <visible>!Skin.HasSetting(HomeMenuNoPicturesButton)</visible>
          </item>
          <item id="12">
            <label_off>31952</label_off>
            <label>TV</label>
            <onclick>ActivateWindow(TVChannels)</onclick>
            <icon>special://skin/backgrounds/tv.jpg</icon>
            <thumb>-</thumb>
            <visible>PVR.HasTVChannels</visible>
          </item>
          <item id="2">
            <label>3</label>
            <onclick condition="!Skin.HasSetting(HomeVideostoFiles)">ActivateWindow(Videos)</onclick>
            <onclick condition="Skin.HasSetting(HomeVideostoFiles)">ActivateWindow(Videos,Files,Return)</onclick>
            <icon>special://skin/backgrounds/videos.jpg</icon>
            <thumb>$INFO[Skin.String(Home_Custom_Back_Video_Folder)]</thumb>
            <visible>!Skin.HasSetting(HomeMenuNoVideosButton)</visible>
          </item>
          <item id="10">
            <label>20342</label>
            <onclick>ActivateWindow(Videos,MovieTitles,return)</onclick>
            <icon>special://skin/backgrounds/videos.jpg</icon>
            <thumb>$INFO[Skin.String(Home_Custom_Back_Movies_Folder)]</thumb>
            <visible>Skin.HasSetting(HomeMenuNoMoviesButton) + Library.HasContent(Movies)</visible>
          </item>
          <item id="11">
            <label>20343</label>
            <onclick>ActivateWindow(Videos,TVShowTitles,return)</onclick>
            <icon>special://skin/backgrounds/videos.jpg</icon>
            <thumb>$INFO[Skin.String(Home_Custom_Back_TVShow_Folder)]</thumb>
            <visible>Skin.HasSetting(HomeMenuNoTVShowsButton) + Library.HasContent(TVShows)</visible>
          </item>
          <item id="3">
            <label>2</label>
            <onclick>ActivateWindow(Music)</onclick>
            <icon>special://skin/backgrounds/music.jpg</icon>
            <thumb>$INFO[Skin.String(Home_Custom_Back_Music_Folder)]</thumb>
            <visible>!Skin.HasSetting(HomeMenuNoMusicButton)</visible>
          </item>
          <item id="7">
            <label>341</label>
            <onclick>XBMC.PlayDVD()</onclick>
            <icon>special://skin/backgrounds/playdisc.jpg</icon>
            <thumb>$INFO[Skin.String(Home_Custom_Back_PlayDisc_Folder)]</thumb>
            <visible>System.HasMediaDVD</visible>
          </item>
          <item id="28">
            <label>Player</label>
            <icon_off>special://skin/backgrounds/power.jpg</icon_off>
            <visible>Player.HasAudio | Player.HasVideo | VideoPlayer.Content(LiveTV)</visible>
            <onclick_off>right</onclick_off>
            <onclick_off>SetFocus(301)</onclick_off>
            <onclick>ActivateWindow(1135)</onclick>
            <icon>$VAR[PlayerControlBG]</icon>
          </item>
          <item id="13">
            <label>On-Board</label>
            <onclick_off>XBMC.RunScript(script.ibus.bmw,obc)</onclick_off>
            <onclick>ActivateWindow(1150,return)</onclick>
            <icon>special://skin/backgrounds/bordcomputer.jpg</icon>
            <thumb>$INFO[Skin.String(Home_Custom_Back_Programs_Folder)]</thumb>
          </item>
          <item id="20">
            <label_off>13000</label_off>
            <label>Settings</label>
            <onclick>ActivateWindow(Settings)</onclick>
            <icon>special://skin/backgrounds/settings.jpg</icon>
            <thumb>$INFO[Skin.String(Home_Custom_Back_Settings_Folder)]</thumb>
          </item>
          <item_off id="26" xmlns:item="uri:1">
            <label>Navigation</label>
            <onclick>RunScript("plugin.program.navigation")</onclick>
            <icon>-</icon>
            <thumb>-</thumb>
            <visible>Skin.HasSetting(EnableSkinDebugging)</visible>
          </item_off>
          <item id="21">
            <label>1036</label>
            <onclick>ActivateWindow(Favourites)</onclick>
            <icon>special://skin/backgrounds/favoriten.jpg</icon>
            <thumb>$INFO[Skin.String(Home_Custom_Back_Programs_Folder)]</thumb>
            <visible>!Skin.HasSetting(HomeMenuNoFavoritenButton)</visible>
          </item>
          <item id="22">
            <label>Power</label>
            <onclick>ActivateWindow(ShutdownMenu)</onclick>
            <icon>special://skin/backgrounds/power.jpg</icon>
            <visible>!Skin.HasSetting(HomeMenuNoPowerButton)</visible>
          </item>
          <item id="24">
            <label>Volume</label>
            <onclick_old>VolumeDown</onclick_old>
            <onclick_off>ActivateWindow(4200)</onclick_off>
            <onclick_NO condition="!Skin.HasSetting(MenuVolumeControl)">Skin.ToggleSetting(MenuVolumeControl)</onclick_NO>
            <onclick>right</onclick>
            <icon>special://skin/backgrounds/volume.jpg</icon>
            <visible>Skin.HasSetting(HomeVolumeControl)</visible>
          </item>
          <item id="25">
            <label>Reload[CR]Skin</label>
            <onclick>XBMC.ReloadSkin()</onclick>
            <icon>special://skin/backgrounds/power.jpg</icon>
            <visible>Skin.HasSetting(EnableSkinDebugging)</visible>
          </item>
          <item id="27">
            <label>PDC Test[CR]Toggle</label>
            <icon>special://skin/backgrounds/power.jpg</icon>
            <visible>Skin.HasSetting(EnableSkinDebugging)</visible>
            <onclick>Skin.ToggleSetting(ShowPDC)</onclick>
          </item>
          <item_off id="29">
            <label>Player[CR]Circle</label>
            <icon>special://skin/backgrounds/power.jpg</icon>
            <visible>Skin.HasSetting(EnableSkinDebugging)</visible>
            <onclick>Skin.ToggleSetting(ShowPlayerControls)</onclick>
            <onclick>SetFocus(1135)</onclick>
          </item_off>
          <item id="29">
            <label>Update[CR]Helgeinterface</label>
            <icon>special://skin/backgrounds/power.jpg</icon>
            <visible>Skin.HasSetting(EnableSkinDebugging)</visible>
            <onclick>RunScript("special://skin/scripts/update_helgeinterface.py")</onclick>
          </item>
        </content>
      </control>
      <control type="image">
        <posx>0</posx>
        <posy>-205</posy>
        <width>385</width>
        <height>1130</height>
        <texture>HomeBlade_middle.png</texture>
        <animation effect="slide" end="0,-204" time="300" condition="Container(9000).Row(1)">conditional</animation>
        <animation effect="slide" end="0,-102" time="300" condition="Container(9000).Row(2)">conditional</animation>
        <animation effect="slide" end="0,102" time="300" condition="Container(9000).Row(4)">conditional</animation>
        <animation effect="slide" end="0,204" time="300" condition="Container(9000).Row(5)">conditional</animation>
      </control>
      <control type="image">
        <posx>-450</posx>
        <posy>0</posy>
        <width>846</width>
        <height>720</height>
        <texture>HomeBlade_top.png</texture>
        <visible_off>!Skin.HasSetting(HomeMenuNoLogoSplash) + !Skin.HasSetting(EnableSkinDebugging)</visible_off>
      </control>
      <control type="image">
        <Description>mstripe</Description>
        <posx>374</posx>
        <posy>0</posy>
        <width>16</width>
        <height>720</height>
        <texture>mstripe.png</texture>
        <visible>Skin.HasSetting(HomeMenuShowMLogo)</visible>
      </control>
      <!--BMW Logos-->
      <control type="image">Visible<description>BMW LOGO</description><posx>0</posx><posy>60r</posy><width>380</width><height>50</height><texture colordiffuse_off="$VAR[MainMenuColor]">logos\bmwlogoXL.png</texture><visible>Skin.HasSetting(HomeMenuShowBMWLogo)</visible><animation effect="fade" start="40" time="5000" condition="Control.HasFocus(9000)" pulse="true">Conditional</animation></control>
      <control type="image">Visible<description>M-LOGO</description><posx>70</posx><posy>95r</posy><width>250</width><height>70</height><texture>logos\mlogo.png</texture><visible>Skin.HasSetting(HomeMenuShowMLogo)</visible><animation effect="fade" start="40" time="5000" condition="Control.HasFocus(9000)" pulse="true">Conditional</animation></control>
      <control type="image">Visible<description>BMW MSPORT LOGO</description><posx>0</posx><posy>88r</posy><width>390</width><height>70</height><texture>logos\bmwmsport.png</texture><visible>Skin.HasSetting(HomeMenuShowMSport)</visible><animation_OFF effect="fade" start="30" time="2500" condition="Control.HasFocus(9000)" pulse="true">Conditional</animation_OFF></control>
      <control type="image">
        <description>LOGO</description>
        <posx>10</posx>
        <posy>10</posy>
        <width>140</width>
        <height>40</height>
        <texture>XBMC_Logo.png</texture>
        <visible>!Skin.HasSetting(HomeMenuNoLogoSplash) + !Skin.HasSetting(EnableSkinDebugging)</visible>
      </control>
      <control type="label">
        <description>Logo Label</description>
        <posx>10</posx>
        <posy>40</posy>
        <height>40</height>
        <width>200</width>
        <label>BMW-Edition</label>
        <font>font13_title</font>
        <textcolor>grey</textcolor>
        <shadowcolor>black</shadowcolor>
        <visible>!Skin.HasSetting(HomeMenuNoLogoSplash) + !Skin.HasSetting(EnableSkinDebugging)</visible>
      </control>
      <control type="label">
        <description>CPU Values</description>
        <posx>10</posx>
        <posy>10</posy>
        <height>300</height>
        <width>370</width>
        <label>$INFO[System.CPUUsage][CR]CPU TEMP: $INFO[System.CpuTemperature]</label>
        <font>font30</font>
        <textcolor>white</textcolor>
        <shadowcolor>black</shadowcolor>
        <visible>Skin.HasSetting(EnableSkinDebugging)</visible>
        <wrapmultiline>true</wrapmultiline>
      </control>
      <control type="image">
        <description>LOGO Mirror</description>
        <posx>10</posx>
        <posy>42</posy>
        <width>140</width>
        <height>40</height>
        <texture diffuse="diffuse_mirror2.png" flipy="true">XBMC_Logo.png</texture>
      </control>
      <control type="image">
        <posx>0</posx>
        <posy>100r</posy>
        <width>256</width>
        <height>100</height>
        <texture>HomeButtonsBack.png</texture>
        <visible>no</visible>
      </control>
    </control>
    <!-- RSS Feeds-->
    <control type="group">
      <posx>420</posx>
      <posy>35r</posy>
      <visible>system.getbool(lookandfeel.enablerssfeeds)</visible>
      <animation effect="slide" end="0,35" time="300" tween="quadratic" easing="out">WindowClose</animation>
      <animation effect="slide" start="0,35" time="300" tween="quadratic" easing="out">WindowOpen</animation>
      <control type="image">
        <description>RSS background</description>
        <posx>0</posx>
        <posy>0</posy>
        <width>860</width>
        <height>35</height>
        <texture border="32,0,0,0">Rss_Back.png</texture>
      </control>
      <control type="rss">
        <description>RSS feed</description>
        <posx>35</posx>
        <posy>0</posy>
        <height>35</height>
        <width>790</width>
        <font>font13</font>
        <urlset>1</urlset>
        <textcolor>blue</textcolor>
        <titlecolor>blue</titlecolor>
        <headlinecolor>white</headlinecolor>
      </control>
      <control type="image">
        <description>RSS background</description>
        <posx>0</posx>
        <posy>0</posy>
        <width>100</width>
        <height>35</height>
        <texture border="32,0,0,0">Rss_Back_Overlay.png</texture>
      </control>
      <control type="image">
        <description>RSS background</description>
        <posx>832</posx>
        <posy>8</posy>
        <width>24</width>
        <height>24</height>
        <texture>icon-rss.png</texture>
      </control>
    </control>
    <!--Weather-->
    <control type="group">
      <posx>550r</posx>
      <posy>0</posy>
      <animation effect="slide" start="0,0" end="-60,0" delay="0" time="300" condition="Window.IsVisible(MuteBug)">conditional</animation>
      <animation effect="slide" start="0,0" end="550,0" delay="0" time="300">WindowClose</animation>
      <animation effect="slide" start="550,0" end="0,0" delay="0" time="300">WindowOpen</animation>
      <visible>!Skin.HasSetting(homepageWeatherinfo) + Weather.IsFetched + !IsEmpty(Weather.Plugin)</visible>
      <control type="image">
        <description>time background</description>
        <posx>0</posx>
        <posy>0</posy>
        <width>180</width>
        <height>50</height>
        <texture flipx="true" border="32,0,0,0">header.png</texture>
      </control>
      <control type="image">
        <description>Weather image</description>
        <posx>30</posx>
        <posy>5</posy>
        <width>35</width>
        <height>35</height>
        <aspectratio>keep</aspectratio>
        <texture>$INFO[Window(Weather).Property(Current.ConditionIcon)]</texture>
      </control>
      <control type="label">
        <description>time label</description>
        <posx>70</posx>
        <posy>5</posy>
        <width>100</width>
        <height>28</height>
        <align>left</align>
        <aligny>center</aligny>
        <font>font30</font>
        <textcolor>white</textcolor>
        <shadowcolor>black</shadowcolor>
        <label>[B]$INFO[Weather.Temperature][/B]</label>
      </control>
    </control>
    <!--OUTSIDETEMP-->
    <control type="group">
      <posx>440r</posx>
      <posy>0</posy>
      <visible>!IsEmpty(Window(1150).Property(OBC_OUTTEMP))</visible>
      <animation effect="slide" start="0,0" end="-80,0" delay="0" time="300" condition="Window.IsVisible(MuteBug)">conditional</animation>
      <animation effect="slide" start="460,0" end="0,0" delay="0" time="200">VisibleChange</animation>
      <animation effect="slide" start="0,0" end="460,0" delay="0" time="400">WindowClose</animation>
      <animation effect="slide" start="460,0" end="0,0" delay="0" time="400">WindowOpen</animation>
      <control type="image">
        <description>temp background</description>
        <posx>455r</posx>
        <posy>0</posy>
        <width>260</width>
        <height>70</height>
        <texture flipx="true" border="32,0,0,0">header.png</texture>
      </control>
      <control type="label">
        <description>temp label</description>
        <posx>440r</posx>
        <posy>8</posy>
        <width>190</width>
        <height>35</height>
        <align>center</align>
        <aligny>center</aligny>
        <font>font35_title</font>
        <textcolor>$VAR[MainMenuColor]</textcolor>
        <shadowcolor>black</shadowcolor>
        <label>$INFO[Window(1150).Property(OBC_OUTTEMP)]</label>
      </control>
    </control>
    <!--DATE-->
    <control type="group">
      <posx>430r</posx>
      <posy>0</posy>
      <animation effect="slide" start="0,0" end="-80,0" delay="0" time="300" condition="Window.IsVisible(MuteBug)">conditional</animation>
      <animation effect="slide" start="0,0" end="420,0" delay="0" time="300">WindowClose</animation>
      <animation effect="slide" start="420,0" end="0,0" delay="0" time="300">WindowOpen</animation>
      <control type="image">
        <description>date background</description>
        <posx>160</posx>
        <posy>0</posy>
        <width>620</width>
        <height>70</height>
        <texture flipx="true" flipy="false" border="32,0,0,0">header.png</texture>
      </control>
      <control type="label">
        <description>date label bmw font</description>
        <posx>10r</posx>
        <posy>7</posy>
        <width>500</width>
        <height>50</height>
        <align>right</align>
        <aligny>center</aligny>
        <font>BMW_50</font>
        <textcolor>$VAR[MainMenuColor]</textcolor>
        <shadowcolor>black</shadowcolor>
        <label>$INFO[System.Date(dd.mm.yyyy)]</label>
        <visible>Skin.HasSetting(DotMatrixFont)</visible>
      </control>
      <control type="label">
        <description>date label normal font</description>
        <posx>10r</posx>
        <posy>0</posy>
        <width>500</width>
        <height>50</height>
        <align>right</align>
        <aligny>center</aligny>
        <font>font35_title</font>
        <textcolor>$VAR[MainMenuColor]</textcolor>
        <shadowcolor>black</shadowcolor>
        <label>$INFO[System.Date(dd.mm.yyyy)]</label>
        <visible>!Skin.HasSetting(DotMatrixFont)</visible>
      </control>
    </control>
    <!--TIME-->
    <control type="group">
      <posy>62</posy>
      <include>Clock</include>
    </control>
    <!--Repeat-->
    <control type="group">
      <posx>1180</posx>
      <posy>115</posy>
      <visible>Playlist.IsRepeatOne | Playlist.IsRepeat</visible>
      <animation effect="slide" start="0,0" end="110,0" time="200">WindowClose</animation>
      <animation effect="slide" start="110,0" end="0,0" time="400">WindowOpen</animation>
      <animation effect="slide" start="110,0" end="0,0" time="400">VisibleChange</animation>
      <control type="group">
        <control type="image">
          <description>repeat background</description>
          <posx>0</posx>
          <posy>0</posy>
          <width>100</width>
          <height>70</height>
          <texture flipx="true" border="32,0,0,0">header.png</texture>
        </control>
        <control type="image">
          <posx>30</posx>
          <posy>0</posy>
          <width>60</width>
          <height>60</height>
          <texture>OSDRepeatAllNF.png</texture>
          <visible>!Playlist.IsRepeatOne</visible>
        </control>
        <control type="image">
          <posx>30</posx>
          <posy>0</posy>
          <width>60</width>
          <height>60</height>
          <texture>OSDRepeatOneNF.png</texture>
          <visible>Playlist.IsRepeatOne</visible>
        </control>
      </control>
    </control>
  </controls>
</window>