﻿<?xml version="1.0" encoding="utf-8"?>
<includes>
  <include name="HomeSubMenuVideos">
    <control type="button" id="90102">
      <include>ButtonHomeSubCommonValues</include>
      <label>342</label>
      <onclick>ActivateWindow(Videos,MovieTitles,return)</onclick>
      <visible>Library.HasContent(Movies) + !Skin.HasSetting(HomeMenuNoMoviesButton)</visible>
    </control>
    <control type="button" id="90103">
      <include>ButtonHomeSubCommonValues</include>
      <label>20343</label>
      <onclick>ActivateWindow(Videos,TvShowTitles,return)</onclick>
      <visible>Library.HasContent(TVShows) + !Skin.HasSetting(HomeMenuNoTVShowsButton)</visible>
    </control>
    <control type="button" id="90104">
      <include>ButtonHomeSubCommonValues</include>
      <label>20389</label>
      <onclick>ActivateWindow(Videos,MusicVideoTitles,return)</onclick>
      <visible>Library.HasContent(MusicVideos)</visible>
    </control>
    <control type="button" id="90105">
      <include>ButtonHomeSubCommonValues</include>
      <label>744</label>
      <onclick>ActivateWindow(Videos,Files,return)</onclick>
    </control>
    <control type="button" id="90106">
      <include>ButtonHomeSubCommonValues</include>
      <label>14022</label>
      <onclick>ActivateWindow(Videos,Root)</onclick>
      <visible>Library.HasContent(Videos)</visible>
    </control>
    <control type="button" id="90107">
      <include>ButtonHomeSubCommonValues</include>
      <label>24001</label>
      <onclick>ActivateWindow(Videos,Addons,return)</onclick>
    </control>
    <control type="button" id="90108">
      <include>ButtonHomeSubCommonValues</include>
      <label>$INFO[system.addontitle(Skin.String(HomeVideosButton1))]</label>
      <onclick>RunAddon($INFO[Skin.String(HomeVideosButton1)])</onclick>
      <visible>!IsEmpty(Skin.String(HomeVideosButton1))</visible>
    </control>
    <control type="button" id="90109">
      <include>ButtonHomeSubCommonValues</include>
      <label>$INFO[system.addontitle(Skin.String(HomeVideosButton2))]</label>
      <onclick>RunAddon($INFO[Skin.String(HomeVideosButton2)])</onclick>
      <visible>!IsEmpty(Skin.String(HomeVideosButton2))</visible>
    </control>
    <control type="button" id="901010">
      <include>ButtonHomeSubCommonValues</include>
      <label>$INFO[system.addontitle(Skin.String(HomeVideosButton3))]</label>
      <onclick>RunAddon($INFO[Skin.String(HomeVideosButton3)])</onclick>
      <visible>!IsEmpty(Skin.String(HomeVideosButton3))</visible>
    </control>
    <control type="button" id="901011">
      <include>ButtonHomeSubCommonValues</include>
      <label>$INFO[system.addontitle(Skin.String(HomeVideosButton4))]</label>
      <onclick>RunAddon($INFO[Skin.String(HomeVideosButton4)])</onclick>
      <visible>!IsEmpty(Skin.String(HomeVideosButton4))</visible>
    </control>
    <control type="button" id="901012">
      <include>ButtonHomeSubCommonValues</include>
      <label>$INFO[system.addontitle(Skin.String(HomeVideosButton5))]</label>
      <onclick>RunAddon($INFO[Skin.String(HomeVideosButton5)])</onclick>
      <visible>!IsEmpty(Skin.String(HomeVideosButton5))</visible>
    </control>
  </include>
  <include name="HomeSubMenuMovies">
    <control type="button" id="90162">
      <include>ButtonHomeSubCommonValues</include>
      <label>31328</label>
      <onclick>ActivateWindow(Videos,RecentlyAddedMovies,return)</onclick>
    </control>
    <control type="button" id="90163">
      <include>ButtonHomeSubCommonValues</include>
      <label>369</label>
      <onclick>ActivateWindow(Videos,MovieTitles,return)</onclick>
    </control>
    <control type="button" id="90164">
      <include>ButtonHomeSubCommonValues</include>
      <label>135</label>
      <onclick>ActivateWindow(Videos,MovieGenres,return)</onclick>
    </control>
    <control type="button" id="90165">
      <include>ButtonHomeSubCommonValues</include>
      <label>652</label>
      <onclick>ActivateWindow(Videos,MovieYears,return)</onclick>
    </control>
    <control type="button" id="90166">
      <include>ButtonHomeSubCommonValues</include>
      <label>344</label>
      <onclick>ActivateWindow(Videos,MovieActors,return)</onclick>
    </control>
    <control type="button" id="90167">
      <include>ButtonHomeSubCommonValues</include>
      <label>$INFO[system.addontitle(Skin.String(HomeVideosButton1))]</label>
      <onclick>RunAddon($INFO[Skin.String(HomeVideosButton1)])</onclick>
      <visible>!IsEmpty(Skin.String(HomeVideosButton1))</visible>
    </control>
    <control type="button" id="90168">
      <include>ButtonHomeSubCommonValues</include>
      <label>$INFO[system.addontitle(Skin.String(HomeVideosButton2))]</label>
      <onclick>RunAddon($INFO[Skin.String(HomeVideosButton2)])</onclick>
      <visible>!IsEmpty(Skin.String(HomeVideosButton2))</visible>
    </control>
    <control type="button" id="90169">
      <include>ButtonHomeSubCommonValues</include>
      <label>$INFO[system.addontitle(Skin.String(HomeVideosButton3))]</label>
      <onclick>RunAddon($INFO[Skin.String(HomeVideosButton3)])</onclick>
      <visible>!IsEmpty(Skin.String(HomeVideosButton3))</visible>
    </control>
    <control type="button" id="901610">
      <include>ButtonHomeSubCommonValues</include>
      <label>$INFO[system.addontitle(Skin.String(HomeVideosButton4))]</label>
      <onclick>RunAddon($INFO[Skin.String(HomeVideosButton4)])</onclick>
      <visible>!IsEmpty(Skin.String(HomeVideosButton4))</visible>
    </control>
    <control type="button" id="901611">
      <include>ButtonHomeSubCommonValues</include>
      <label>$INFO[system.addontitle(Skin.String(HomeVideosButton5))]</label>
      <onclick>RunAddon($INFO[Skin.String(HomeVideosButton5)])</onclick>
      <visible>!IsEmpty(Skin.String(HomeVideosButton5))</visible>
    </control>
  </include>
  <include name="HomeSubMenuTVShows">
    <control type="button" id="90172">
      <include>ButtonHomeSubCommonValues</include>
      <label>31328</label>
      <onclick>ActivateWindow(Videos,RecentlyAddedEpisodes,return)</onclick>
    </control>
    <control type="button" id="90173">
      <include>ButtonHomeSubCommonValues</include>
      <label>369</label>
      <onclick>ActivateWindow(Videos,TVShowTitles,return)</onclick>
    </control>
    <control type="button" id="90174">
      <include>ButtonHomeSubCommonValues</include>
      <label>135</label>
      <onclick>ActivateWindow(Videos,TVShowGenres,return)</onclick>
    </control>
    <control type="button" id="90175">
      <include>ButtonHomeSubCommonValues</include>
      <label>652</label>
      <onclick>ActivateWindow(Videos,TVShowYears,return)</onclick>
    </control>
    <control type="button" id="90176">
      <include>ButtonHomeSubCommonValues</include>
      <label>344</label>
      <onclick>ActivateWindow(Videos,TVShowActors,return)</onclick>
    </control>
    <control type="button" id="90177">
      <include>ButtonHomeSubCommonValues</include>
      <label>$INFO[system.addontitle(Skin.String(HomeVideosButton1))]</label>
      <onclick>RunAddon($INFO[Skin.String(HomeVideosButton1)])</onclick>
      <visible>!IsEmpty(Skin.String(HomeVideosButton1))</visible>
    </control>
    <control type="button" id="90178">
      <include>ButtonHomeSubCommonValues</include>
      <label>$INFO[system.addontitle(Skin.String(HomeVideosButton2))]</label>
      <onclick>RunAddon($INFO[Skin.String(HomeVideosButton2)])</onclick>
      <visible>!IsEmpty(Skin.String(HomeVideosButton2))</visible>
    </control>
    <control type="button" id="90179">
      <include>ButtonHomeSubCommonValues</include>
      <label>$INFO[system.addontitle(Skin.String(HomeVideosButton3))]</label>
      <onclick>RunAddon($INFO[Skin.String(HomeVideosButton3)])</onclick>
      <visible>!IsEmpty(Skin.String(HomeVideosButton3))</visible>
    </control>
    <control type="button" id="901710">
      <include>ButtonHomeSubCommonValues</include>
      <label>$INFO[system.addontitle(Skin.String(HomeVideosButton4))]</label>
      <onclick>RunAddon($INFO[Skin.String(HomeVideosButton4)])</onclick>
      <visible>!IsEmpty(Skin.String(HomeVideosButton4))</visible>
    </control>
    <control type="button" id="901711">
      <include>ButtonHomeSubCommonValues</include>
      <label>$INFO[system.addontitle(Skin.String(HomeVideosButton5))]</label>
      <onclick>RunAddon($INFO[Skin.String(HomeVideosButton5)])</onclick>
      <visible>!IsEmpty(Skin.String(HomeVideosButton5))</visible>
    </control>
  </include>
  <include name="HomeSubMenuMusic">
    <control type="button" id="90112">
      <include>ButtonHomeSubCommonValues</include>
      <label>133</label>
      <onclick>ActivateWindow(MusicLibrary,Artists,return)</onclick>
      <visible>Library.HasContent(Music)</visible>
    </control>
    <control type="button" id="90113">
      <include>ButtonHomeSubCommonValues</include>
      <label>132</label>
      <onclick>ActivateWindow(MusicLibrary,Albums,return)</onclick>
      <visible>Library.HasContent(Music)</visible>
    </control>
    <control type="button" id="90114">
      <include>ButtonHomeSubCommonValues</include>
      <label>134</label>
      <onclick>ActivateWindow(MusicLibrary,Songs,return)</onclick>
      <visible>Library.HasContent(Music)</visible>
    </control>
    <control type="button" id="90115">
      <include>ButtonHomeSubCommonValues</include>
      <label>744</label>
      <onclick>ActivateWindow(MusicFiles)</onclick>
    </control>
    <control type="button" id="90116">
      <include>ButtonHomeSubCommonValues</include>
      <label>14022</label>
      <onclick>ActivateWindow(MusicLibrary)</onclick>
      <visible>Library.HasContent(Music)</visible>
    </control>
    <control type="button" id="90117">
      <include>ButtonHomeSubCommonValues</include>
      <label>24001</label>
      <onclick>ActivateWindow(MusicLibrary,Addons,return)</onclick>
      <visible>Library.HasContent(Music)</visible>
    </control>
    <control type="button" id="90118">
      <include>ButtonHomeSubCommonValues</include>
      <label>24001</label>
      <onclick>ActivateWindow(MusicFiles,Addons,return)</onclick>
      <visible>!Library.HasContent(Music)</visible>
    </control>
    <control type="button" id="90119">
      <include>ButtonHomeSubCommonValues</include>
      <label>$INFO[system.addontitle(Skin.String(HomeMusicButton1))]</label>
      <onclick>RunAddon($INFO[Skin.String(HomeMusicButton1)])</onclick>
      <visible>!IsEmpty(Skin.String(HomeMusicButton1))</visible>
    </control>
    <control type="button" id="901110">
      <include>ButtonHomeSubCommonValues</include>
      <label>$INFO[system.addontitle(Skin.String(HomeMusicButton2))]</label>
      <onclick>RunAddon($INFO[Skin.String(HomeMusicButton2)])</onclick>
      <visible>!IsEmpty(Skin.String(HomeMusicButton2))</visible>
    </control>
    <control type="button" id="901111">
      <include>ButtonHomeSubCommonValues</include>
      <label>$INFO[system.addontitle(Skin.String(HomeMusicButton3))]</label>
      <onclick>RunAddon($INFO[Skin.String(HomeMusicButton3)])</onclick>
      <visible>!IsEmpty(Skin.String(HomeMusicButton3))</visible>
    </control>
    <control type="button" id="901112">
      <include>ButtonHomeSubCommonValues</include>
      <label>$INFO[system.addontitle(Skin.String(HomeMusicButton4))]</label>
      <onclick>RunAddon($INFO[Skin.String(HomeMusicButton4)])</onclick>
      <visible>!IsEmpty(Skin.String(HomeMusicButton4))</visible>
    </control>
    <control type="button" id="901113">
      <include>ButtonHomeSubCommonValues</include>
      <label>$INFO[system.addontitle(Skin.String(HomeMusicButton5))]</label>
      <onclick>RunAddon($INFO[Skin.String(HomeMusicButton5)])</onclick>
      <visible>!IsEmpty(Skin.String(HomeMusicButton5))</visible>
    </control>
  </include>
  <include name="HomeSubMenuSystem">
    <control type="button" id="90122">
      <include>ButtonHomeSubCommonValues</include>
      <label>5</label>
      <onclick>ActivateWindow(Settings)</onclick>
    </control>
    <control type="button" id="90123">
      <include>ButtonHomeSubCommonValues</include>
      <label>7</label>
      <onclick>ActivateWindow(FileManager)</onclick>
    </control>
    <control type="button" id="90124">
      <include>ButtonHomeSubCommonValues</include>
      <label>13200</label>
      <onclick>ActivateWindow(Profiles)</onclick>
    </control>
    <control type="button" id="90125">
      <include>ButtonHomeSubCommonValues</include>
      <label>130</label>
      <onclick>ActivateWindow(SystemInfo)</onclick>
    </control>
    <control type="button" id="90126">
      <include>ButtonHomeSubCommonValues</include>
      <label>OSMC-Tool</label>
      <onclick>SetFocus(9000)</onclick>
      <onclick>RunScript(service.osmc.settings)</onclick>
    </control>
  </include>
  <include name="HomeSubMenuPlayDisc">
    <control type="button" id="90132">
      <include>ButtonHomeSubCommonValues</include>
      <label>13391</label>
      <onclick>SetFocus(9000)</onclick>
      <onclick>EjectTray()</onclick>
    </control>
  </include>
  <include name="HomeSubMenuPictures">
    <control type="button" id="90142">
      <include>ButtonHomeSubCommonValues</include>
      <label>24001</label>
      <onclick>ActivateWindow(Pictures,Addons,return)</onclick>
    </control>
    <control type="button" id="90143">
      <include>ButtonHomeSubCommonValues</include>
      <label>$INFO[system.addontitle(Skin.String(HomePictureButton1))]</label>
      <onclick>RunAddon($INFO[Skin.String(HomePictureButton1)])</onclick>
      <visible>!IsEmpty(Skin.String(HomePictureButton1))</visible>
    </control>
    <control type="button" id="90144">
      <include>ButtonHomeSubCommonValues</include>
      <label>$INFO[system.addontitle(Skin.String(HomePictureButton2))]</label>
      <onclick>RunAddon($INFO[Skin.String(HomePictureButton2)])</onclick>
      <visible>!IsEmpty(Skin.String(HomePictureButton2))</visible>
    </control>
    <control type="button" id="90145">
      <include>ButtonHomeSubCommonValues</include>
      <label>$INFO[system.addontitle(Skin.String(HomePictureButton3))]</label>
      <onclick>RunAddon($INFO[Skin.String(HomePictureButton3)])</onclick>
      <visible>!IsEmpty(Skin.String(HomePictureButton3))</visible>
    </control>
    <control type="button" id="90146">
      <include>ButtonHomeSubCommonValues</include>
      <label>$INFO[system.addontitle(Skin.String(HomePictureButton4))]</label>
      <onclick>RunAddon($INFO[Skin.String(HomePictureButton4)])</onclick>
      <visible>!IsEmpty(Skin.String(HomePictureButton4))</visible>
    </control>
    <control type="button" id="90147">
      <include>ButtonHomeSubCommonValues</include>
      <label>$INFO[system.addontitle(Skin.String(HomePictureButton5))]</label>
      <onclick>RunAddon($INFO[Skin.String(HomePictureButton5)])</onclick>
      <visible>!IsEmpty(Skin.String(HomePictureButton5))</visible>
    </control>
  </include>
  <include name="HomeSubMenuPrograms">
    <control type="button" id="90152">
      <include>ButtonHomeSubCommonValues</include>
      <label>24001</label>
      <onclick>ActivateWindow(Programs,Addons,return)</onclick>
    </control>
    <control type="button" id="90153">
      <include>ButtonHomeSubCommonValues</include>
      <label>$INFO[system.addontitle(Skin.String(HomeProgramButton1))]</label>
      <onclick>RunAddon($INFO[Skin.String(HomeProgramButton1)])</onclick>
      <visible>!IsEmpty(Skin.String(HomeProgramButton1))</visible>
    </control>
    <control type="button" id="90154">
      <include>ButtonHomeSubCommonValues</include>
      <label>$INFO[system.addontitle(Skin.String(HomeProgramButton2))]</label>
      <onclick>RunAddon($INFO[Skin.String(HomeProgramButton2)])</onclick>
      <visible>!IsEmpty(Skin.String(HomeProgramButton2))</visible>
    </control>
    <control type="button" id="90155">
      <include>ButtonHomeSubCommonValues</include>
      <label>$INFO[system.addontitle(Skin.String(HomeProgramButton3))]</label>
      <onclick>RunAddon($INFO[Skin.String(HomeProgramButton3)])</onclick>
      <visible>!IsEmpty(Skin.String(HomeProgramButton3))</visible>
    </control>
    <control type="button" id="90156">
      <include>ButtonHomeSubCommonValues</include>
      <label>$INFO[system.addontitle(Skin.String(HomeProgramButton4))]</label>
      <onclick>RunAddon($INFO[Skin.String(HomeProgramButton4)])</onclick>
      <visible>!IsEmpty(Skin.String(HomeProgramButton4))</visible>
    </control>
    <control type="button" id="90157">
      <include>ButtonHomeSubCommonValues</include>
      <label>$INFO[system.addontitle(Skin.String(HomeProgramButton5))]</label>
      <onclick>RunAddon($INFO[Skin.String(HomeProgramButton5)])</onclick>
      <visible>!IsEmpty(Skin.String(HomeProgramButton5))</visible>
    </control>
  </include>
  <include name="HomeSubMenuTV">
    <control type="button" id="90143">
      <include>ButtonHomeSubCommonValues</include>
      <label>19019</label>
      <onclick>ActivateWindow(TVChannels)</onclick>
    </control>
    <control type="button" id="90144">
      <include>ButtonHomeSubCommonValues</include>
      <label>19069</label>
      <onclick>ActivateWindow(TVGuide)</onclick>
    </control>
    <control type="button" id="90145">
      <include>ButtonHomeSubCommonValues</include>
      <label>19163</label>
      <onclick>ActivateWindow(TVRecordings)</onclick>
    </control>
    <control type="button" id="90146">
      <include>ButtonHomeSubCommonValues</include>
      <label>19040</label>
      <onclick>ActivateWindow(TVTimers)</onclick>
    </control>
    <control type="button" id="90147">
      <include>ButtonHomeSubCommonValues</include>
      <label>137</label>
      <onclick>ActivateWindow(TVSearch)</onclick>
    </control>
  </include>
</includes>