﻿<?xml version="1.0" encoding="utf-8"?>
<window id="25">
  <defaultcontrol always="true">50</defaultcontrol>
  <allowoverlay>no</allowoverlay>
  <views>50,51,500,550,551,560,501,508,504,503,505,511</views>
  <onload condition="Skin.HasSetting(ActivateTvTunes) + System.HasAddon(script.tvtunes)">XBMC.RunScript(script.tvtunes,backend=True&amp;loop=False)</onload>
  <controls>
    <include>CommonVideoBackground</include>
    <include>CommonMediaPlayingBackground</include>
    <include>ContentPanelBackgrounds</include>
    <control type="group">
      <include>Window_OpenClose_Animation</include>
      <include>CommonRootView</include>
      <!-- view id = 50 -->
      <include>FullWidthList</include>
      <!-- view id = 51 -->
      <include>ThumbnailView</include>
      <!-- view id = 500 -->
      <include>PosterWrapView</include>
      <!-- view id = 501 -->
      <include>PosterWrapView2_Fanart</include>
      <!-- view id = 508 -->
      <include>MediaListView3</include>
      <!-- view id = 503 -->
      <include>MediaListView2</include>
      <!-- view id = 504 -->
      <include>WideIconView</include>
      <!-- view id = 505 -->
      <include>MusicVideoInfoListView</include>
      <!-- view id = 511 -->
      <include>AddonInfoListView1</include>
      <!-- view id = 550 -->
      <include>AddonInfoThumbView1</include>
      <!-- view id = 551 -->
      <include>LiveTVView1</include>
      <!-- view id = 560 -->
    </control>
    <include>CommonPageCount</include>
    <include>CommonNowPlaying</include>
    <include>BehindDialogFadeOut</include>
    <include>ScrollOffsetLabel</include>
    <control type="group">
      <posx>-250</posx>
      <include>SideBladeLeft</include>
      <control type="grouplist" id="9000">
        <posx>0</posx>
        <posy>110</posy>
        <width>250</width>
        <height>600</height>
        <onleft>9000</onleft>
        <onright>50</onright>
        <onup>9000</onup>
        <ondown>9000</ondown>
        <onback>50</onback>
        <itemgap>0</itemgap>
        <control type="label" id="200">
          <width>250</width>
          <height>35</height>
          <font>font12caps</font>
          <label>31006</label>
          <textcolor>blue</textcolor>
          <align>center</align>
          <aligny>center</aligny>
        </control>
        <control type="button" id="2">
          <description>View As button</description>
          <textwidth>235</textwidth>
          <include>ButtonCommonValues</include>
          <label>-</label>
        </control>
        <control type="button" id="3">
          <description>Sort by button</description>
          <include>ButtonCommonValues</include>
          <label>103</label>
        </control>
        <control type="togglebutton" id="4">
          <description>Sort asc</description>
          <include>ButtonCommonValues</include>
          <alttexturefocus border="5">button-focus.png</alttexturefocus>
          <alttexturenofocus>-</alttexturenofocus>
          <label>31051</label>
          <altlabel>31050</altlabel>
          <usealttexture>Container.SortDirection(Ascending)</usealttexture>
        </control>
        <control type="edit" id="19">
          <description>Filter</description>
          <textwidth>230</textwidth>
          <include>ButtonCommonValues</include>
          <label>587</label>
        </control>
        <control type="radiobutton" id="99">
          <description>Show Info Toggle</description>
          <textwidth>170</textwidth>
          <include>ButtonCommonValues</include>
          <label>31005</label>
          <onclick>Skin.ToggleSetting(View508HideInfo)</onclick>
          <selected>Skin.HasSetting(View508HideInfo)</selected>
          <visible>Control.IsVisible(508)</visible>
        </control>
        <control type="label" id="201">
          <width>250</width>
          <height>35</height>
          <font>font12caps</font>
          <label>31026</label>
          <textcolor>blue</textcolor>
          <align>center</align>
          <aligny>center</aligny>
        </control>
        <control type="radiobutton" id="14">
          <description>Watched Toggle</description>
          <textwidth>170</textwidth>
          <include>ButtonCommonValues</include>
          <label>20367</label>
        </control>
        <control type="button" id="8">
          <description>Search</description>
          <include>ButtonCommonValues</include>
          <label>137</label>
        </control>
        <control type="radiobutton" id="7">
          <description>Stack Toggle</description>
          <textwidth>170</textwidth>
          <include>ButtonCommonValues</include>
          <label>346</label>
        </control>
        <control type="radiobutton" id="17">
          <description>Flatten</description>
          <textwidth>170</textwidth>
          <include>ButtonCommonValues</include>
          <label>20411</label>
        </control>
        <control type="radiobutton" id="16">
          <description>PartyMode</description>
          <label>589</label>
          <include>ButtonCommonValues</include>
          <visible>Container.Content(MusicVideos)</visible>
        </control>
        <control type="radiobutton" id="11">
          <description>Unlock Shares</description>
          <textwidth>170</textwidth>
          <include>ButtonCommonValues</include>
          <label>20336</label>
          <onclick>xbmc.mastermode</onclick>
          <selected>system.ismaster</selected>
          <visible>system.haslocks</visible>
        </control>
        <include>CommonNowPlaying_Controls</include>
      </control>
    </control>
    <control type="group">
      <posx>220</posx>
      <posy>0</posy>
      <visible>Container.Content(MusicVideos)</visible>
      <include>VisibleFadeEffect</include>
      <animation effect="slide" end="-510,0" time="400" tween="quadratic" easing="out">WindowClose</animation>
      <animation effect="slide" start="-510,0" time="400" tween="quadratic" easing="out">WindowOpen</animation>
      <control type="image">
        <posx>0</posx>
        <posy>0</posy>
        <width>250</width>
        <height>35</height>
        <texture border="0,0,32,0">header.png</texture>
      </control>
      <control type="label">
        <include>WindowTitleCommons</include>
        <posx>220</posx>
        <label>$LOCALIZE[20389]</label>
      </control>
    </control>
    <control type="group">
      <posx>210</posx>
      <posy>0</posy>
      <visible>Container.Content(TVShows)</visible>
      <include>VisibleFadeEffect</include>
      <animation effect="slide" end="-510,0" time="400" tween="quadratic" easing="out">WindowClose</animation>
      <animation effect="slide" start="-510,0" time="400" tween="quadratic" easing="out">WindowOpen</animation>
      <control type="image">
        <posx>0</posx>
        <posy>0</posy>
        <width>250</width>
        <height>35</height>
        <texture border="0,0,32,0">header.png</texture>
      </control>
      <control type="label">
        <include>WindowTitleCommons</include>
        <posx>220</posx>
        <label>$LOCALIZE[20343]</label>
      </control>
    </control>
    <control type="group">
      <posx>480</posx>
      <posy>0</posy>
      <visible>Container.Content(Episodes) + !IsEmpty(ListItem.Season)</visible>
      <include>VisibleFadeEffect</include>
      <animation effect="slide" end="-710,0" time="400" tween="quadratic" easing="out">WindowClose</animation>
      <animation effect="slide" start="-710,0" time="400" tween="quadratic" easing="out">WindowOpen</animation>
      <control type="image">
        <posx>0</posx>
        <posy>0</posy>
        <width>250</width>
        <height>35</height>
        <texture border="0,0,32,0">header.png</texture>
      </control>
      <control type="label">
        <include>WindowTitleCommons</include>
        <posx>220</posx>
        <label>$INFO[ListItem.Season,$LOCALIZE[20373] ]</label>
      </control>
    </control>
    <control type="group">
      <posx>210</posx>
      <posy>0</posy>
      <visible>Container.Content(Seasons) | Container.Content(Episodes)</visible>
      <visible>!IsEmpty(ListItem.TVShowTitle)</visible>
      <include>VisibleFadeEffect</include>
      <animation effect="slide" end="-600,0" time="400" tween="quadratic" easing="out">WindowClose</animation>
      <animation effect="slide" start="-600,0" time="400" tween="quadratic" easing="out">WindowOpen</animation>
      <control type="image">
        <posx>0</posx>
        <posy>0</posy>
        <width>350</width>
        <height>35</height>
        <texture border="0,0,32,0">header.png</texture>
      </control>
      <control type="label">
        <width>250</width>
        <include>WindowTitleCommons</include>
        <posx>320</posx>
        <label>$INFO[ListItem.TVShowTitle]</label>
      </control>
    </control>
    <control type="group">
      <posx>210</posx>
      <posy>0</posy>
      <visible>Container.Content(Movies)</visible>
      <include>VisibleFadeEffect</include>
      <animation effect="slide" end="-510,0" time="400" tween="quadratic" easing="out">WindowClose</animation>
      <animation effect="slide" start="-510,0" time="400" tween="quadratic" easing="out">WindowOpen</animation>
      <control type="image">
        <posx>0</posx>
        <posy>0</posy>
        <width>300</width>
        <height>35</height>
        <texture border="0,0,32,0">header.png</texture>
      </control>
      <control type="label">
        <include>WindowTitleCommons</include>
        <posx>270</posx>
        <label>$INFO[Container.FolderName]</label>
      </control>
    </control>
    <control type="group">
      <posx>0</posx>
      <posy>0</posy>
      <animation effect="slide" end="-500,0" time="400" tween="quadratic" easing="out">WindowClose</animation>
      <animation effect="slide" start="-500,0" time="400" tween="quadratic" easing="out">WindowOpen</animation>
      <control type="image">
        <posx>0</posx>
        <posy>0</posy>
        <width>350</width>
        <height>67</height>
        <texture border="0,0,32,0">header.png</texture>
      </control>
      <control type="label">
        <posx>90</posx>
        <posy>0</posy>
        <width>550</width>
        <height>50</height>
        <font>font40caps_title</font>
        <textcolor>white</textcolor>
        <align>left</align>
        <aligny>center</aligny>
        <label>$LOCALIZE[3]</label>
      </control>
    </control>
    <include>WindowTitleHomeButton</include>
    <include>Clock</include>
  </controls>
</window>