<window id="2600">
	<defaultcontrol always="true">50</defaultcontrol>
	<allowoverlay>no</allowoverlay>
	<controls>
		<include>CommonWeatherBackground</include>
		<include>CommonMediaPlayingBackground</include>
		<control type="image">
			<posx>0</posx>
			<posy>100r</posy>
			<width>1280</width>
			<height>100</height>
			<texture>floor.png</texture>
			<include>VisibleFadeEffect</include>
			<animation effect="fade" start="0" end="100" time="200" condition="Window.Previous(Home)">WindowOpen</animation>
			<animation effect="fade" start="100" end="0" time="200" condition="Window.Next(Home)">WindowClose</animation>
		</control>
		<control type="group">
			<animation type="WindowOpen" reversible="false">
				<effect type="zoom" start="80" end="100" center="640,360" easing="out" tween="back" time="300" />
				<effect type="fade" start="0" end="100" time="300" />
			</animation>
			<animation type="WindowClose" reversible="false">
				<effect type="zoom" start="100" end="80" center="640,360" easing="in" tween="back" time="300" />
				<effect type="fade" start="100" end="0" time="300" />
			</animation>
			<include>VisibleFadeEffect</include>
			<control type="group">
				<animation effect="slide" start="0,0" end="-40,0" time="200" condition="StringCompare(Weather.Plugin,weather.weatherplus)">Conditional</animation>
				<posx>100</posx>
				<posy>40</posy>
				<control type="image">
					<posx>0</posx>
					<posy>0</posy>
					<width>500</width>
					<height>620</height>
					<texture border="20">ContentPanel.png</texture>
				</control>
				<control type="image">
					<posx>0</posx>
					<posy>612</posy>
					<width>500</width>
					<height>64</height>
					<texture border="10">ContentPanelMirror.png</texture>
				</control>
				<control type="image">
					<posx>20</posx>
					<posy>5</posy>
					<width>460</width>
					<height>90</height>
					<aspectratio>stretch</aspectratio>
					<texture>GlassTitleBar.png</texture>
				</control>
				<control type="label">
					<description>header label</description>
					<posx>20</posx>
					<posy>13</posy>
					<width>460</width>
					<height>30</height>
					<font>font13_title</font>
					<label>31300</label>
					<align>center</align>
					<aligny>center</aligny>
					<textcolor>white</textcolor>
					<shadowcolor>black</shadowcolor>
				</control>
				<control type="label">
					<description>Provider Text</description>
					<posx>20</posx>
					<posy>50</posy>
					<width>460</width>
					<height>35</height>
					<font>font12</font>
					<textcolor>white</textcolor>
					<scroll>true</scroll>
					<align>center</align>
					<aligny>center</aligny>
					<label>$LOCALIZE[31303] : [COLOR=orange]$INFO[Window.Property(WeatherProvider)][/COLOR]</label>
					<include>Window_OpenClose_Animation</include>
				</control>
				<control type="label">
					<description>weather location label</description>
					<posx>20</posx>
					<posy>80</posy>
					<width>460</width>
					<height>30</height>
					<font>font13_title</font>
					<textcolor>white</textcolor>
					<scroll>false</scroll>
					<align>center</align>
					<aligny>center</aligny>
					<label>$INFO[Window.Property(Location)]</label>
				</control>
				<control type="label">
					<description>update label</description>
					<posx>20</posx>
					<posy>100</posy>
					<width>460</width>
					<height>35</height>
					<font>font12</font>
					<label>$LOCALIZE[31301] - $INFO[Window.Property(Updated)]</label>
					<align>center</align>
					<aligny>center</aligny>
					<textcolor>grey2</textcolor>
				</control>
				<control type="label">
					<description>current temp Value</description>
					<posx>195</posx>
					<posy>175</posy>
					<width>180</width>
					<height>40</height>
					<font>WeatherTemp</font>
					<align>right</align>
					<aligny>top</aligny>
					<label>$INFO[Window.Property(Current.Temperature)]</label>
					<textcolor>white</textcolor>
					<shadowcolor>black</shadowcolor>
				</control>
				<control type="label">
					<description>current temp Value Units</description>
					<posx>190</posx>
					<posy>185</posy>
					<width>100</width>
					<height>40</height>
					<font>font16caps</font>
					<align>left</align>
					<aligny>top</aligny>
					<label>$INFO[System.TemperatureUnits]</label>
					<textcolor>white</textcolor>
					<shadowcolor>black</shadowcolor>
				</control>
				<control type="image">
					<description>current weather icon</description>
					<posx>230</posx>
					<posy>135</posy>
					<width>230</width>
					<height>180</height>
					<info>Window.Property(Current.ConditionIcon)</info>
					<aspectratio>keep</aspectratio>
				</control>
				<control type="label">
					<description>current condition label</description>
					<posx>20</posx>
					<posy>320</posy>
					<width>460</width>
					<height>30</height>
					<info>Window.Property(Current.Condition)</info>
					<wrapmultiline>true</wrapmultiline>
					<font>font13</font>
					<align>center</align>
					<aligny>center</aligny>
					<textcolor>white</textcolor>
					<shadowcolor>black</shadowcolor>
				</control>
				<control type="image">
					<posx>20</posx>
					<posy>390</posy>
					<width>460</width>
					<height>4</height>
					<texture>separator.png</texture>
				</control>
				<control type="label">
					<description>current feels like label</description>
					<posx>170</posx>
					<posy>400</posy>
					<width>170</width>
					<height>35</height>
					<font>font13</font>
					<align>right</align>
					<aligny>center</aligny>
					<label>$LOCALIZE[402] :</label>
					<textcolor>grey2</textcolor>
					<shadowcolor>black</shadowcolor>
				</control>
				<control type="label">
					<description>current dew label</description>
					<posx>170</posx>
					<posy>430</posy>
					<width>170</width>
					<height>35</height>
					<font>font13</font>
					<align>right</align>
					<aligny>center</aligny>
					<label>$LOCALIZE[405] :</label>
					<textcolor>grey2</textcolor>
					<shadowcolor>black</shadowcolor>
				</control>
				<control type="label">
					<description>current humidity label</description>
					<posx>170</posx>
					<posy>460</posy>
					<width>170</width>
					<height>35</height>
					<font>font13</font>
					<align>right</align>
					<aligny>center</aligny>
					<label>$LOCALIZE[406] :</label>
					<textcolor>grey2</textcolor>
					<shadowcolor>black</shadowcolor>
				</control>
				<control type="label">
					<description>current UV Index label</description>
					<posx>170</posx>
					<posy>490</posy>
					<width>170</width>
					<height>35</height>
					<font>font13</font>
					<align>right</align>
					<aligny>center</aligny>
					<label>$LOCALIZE[403] :</label>
					<textcolor>grey2</textcolor>
					<shadowcolor>black</shadowcolor>
				</control>
				<control type="label">
					<description>current Wind label</description>
					<posx>170</posx>
					<posy>520</posy>
					<width>170</width>
					<height>35</height>
					<font>font13</font>
					<align>right</align>
					<aligny>center</aligny>
					<label>$LOCALIZE[404] :</label>
					<textcolor>grey2</textcolor>
					<shadowcolor>black</shadowcolor>
				</control>
				<control type="label">
					<description>current feels like Value</description>
					<posx>185</posx>
					<posy>400</posy>
					<width>300</width>
					<height>35</height>
					<font>font13</font>
					<align>left</align>
					<aligny>center</aligny>
					<label>$INFO[Window.Property(Current.FeelsLike)]$INFO[System.TemperatureUnits]</label>
					<textcolor>white</textcolor>
					<shadowcolor>black</shadowcolor>
				</control>
				<control type="label">
					<description>current dew Value</description>
					<posx>185</posx>
					<posy>430</posy>
					<width>300</width>
					<height>35</height>
					<font>font13</font>
					<align>left</align>
					<aligny>center</aligny>
					<label>$INFO[Window.Property(Current.DewPoint)]$INFO[System.TemperatureUnits]</label>
					<textcolor>white</textcolor>
					<shadowcolor>black</shadowcolor>
				</control>
				<control type="label">
					<description>current humidity Value</description>
					<posx>185</posx>
					<posy>460</posy>
					<width>300</width>
					<height>35</height>
					<font>font13</font>
					<align>left</align>
					<aligny>center</aligny>
					<info>Window.Property(Current.Humidity)</info>
					<textcolor>white</textcolor>
					<shadowcolor>black</shadowcolor>
				</control>
				<control type="label">
					<description>current UV Index Value</description>
					<posx>185</posx>
					<posy>490</posy>
					<width>300</width>
					<height>35</height>
					<font>font13</font>
					<align>left</align>
					<aligny>center</aligny>
					<info>Window.Property(Current.UVIndex)</info>
					<textcolor>white</textcolor>
					<shadowcolor>black</shadowcolor>
				</control>
				<control type="label">
					<description>current Wind Value</description>
					<posx>185</posx>
					<posy>520</posy>
					<width>300</width>
					<height>35</height>
					<font>font13</font>
					<align>left</align>
					<aligny>center</aligny>
					<info>Window.Property(Current.Wind)</info>
					<textcolor>white</textcolor>
					<shadowcolor>black</shadowcolor>
				</control>
				<control type="group">
					<visible>StringCompare(Weather.Plugin,weather.weatherplus) + !IsEmpty(Window.Property(36Hour.IsFetched))</visible>
					<control type="label">
						<description>Sunrise Label</description>
						<posx>30</posx>
						<posy>570</posy>
						<width>300</width>
						<height>35</height>
						<font>font13</font>
						<align>left</align>
						<aligny>center</aligny>
						<label>$LOCALIZE[33027] : [COLOR=white]$INFO[Window.Property(Current.Sunrise)][/COLOR]</label>
						<textcolor>grey2</textcolor>
						<shadowcolor>black</shadowcolor>
					</control>
					<control type="label">
						<description>Sunset label</description>
						<posx>470</posx>
						<posy>570</posy>
						<width>300</width>
						<height>35</height>
						<font>font13</font>
						<align>right</align>
						<aligny>center</aligny>
						<label>$LOCALIZE[33028] : [COLOR=white]$INFO[Window.Property(Current.Sunset)][/COLOR]</label>
						<textcolor>grey2</textcolor>
						<shadowcolor>black</shadowcolor>
					</control>
				</control>
			</control>
			<control type="group">
				<visible>!StringCompare(Weather.Plugin,weather.weatherplus)</visible>
				<posx>680</posx>
				<posy>40</posy>
				<control type="image">
					<posx>0</posx>
					<posy>0</posy>
					<width>500</width>
					<height>620</height>
					<texture border="20">ContentPanel.png</texture>
				</control>
				<control type="image">
					<posx>0</posx>
					<posy>612</posy>
					<width>500</width>
					<height>64</height>
					<texture border="10">ContentPanelMirror.png</texture>
				</control>
				<control type="image">
					<posx>20</posx>
					<posy>5</posy>
					<width>460</width>
					<height>90</height>
					<aspectratio>stretch</aspectratio>
					<texture>GlassTitleBar.png</texture>
				</control>
				<control type="label">
					<description>header label</description>
					<posx>20</posx>
					<posy>13</posy>
					<width>460</width>
					<height>30</height>
					<font>font13_title</font>
					<label>10508</label>
					<align>center</align>
					<aligny>center</aligny>
					<textcolor>white</textcolor>
					<shadowcolor>black</shadowcolor>
				</control>
				<control type="group">
					<description>day 0</description>
					<posx>20</posx>
					<posy>60</posy>
					<control type="label">
						<description>Day label</description>
						<posx>0</posx>
						<posy>0</posy>
						<width>460</width>
						<height>35</height>
						<font>font13_title</font>
						<info>Window.Property(Day0.Title)</info>
						<align>center</align>
						<aligny>center</aligny>
						<textcolor>white</textcolor>
						<shadowcolor>black</shadowcolor>
					</control>
					<control type="image">
						<description>day icon</description>
						<posx>370</posx>
						<posy>40</posy>
						<height>80</height>
						<width>80</width>
						<info>Window.Property(Day0.OutlookIcon)</info>
						<aspectratio align="right">keep</aspectratio>
					</control>
					<control type="label">
						<description>high label</description>
						<posx>40</posx>
						<posy>50</posy>
						<height>20</height>
						<font>font13</font>
						<align>left</align>
						<aligny>center</aligny>
						<label>$LOCALIZE[419] :</label>
						<textcolor>grey2</textcolor>
						<shadowcolor>black</shadowcolor>
						<visible>Weather.IsFetched</visible>
					</control>
					<control type="label">
						<description>high value</description>
						<posx>110</posx>
						<posy>50</posy>
						<height>20</height>
						<label>$INFO[Window.Property(Day0.HighTemp)]$INFO[System.TemperatureUnits]</label>
						<font>font13</font>
						<align>left</align>
						<aligny>center</aligny>
						<textcolor>white</textcolor>
						<shadowcolor>black</shadowcolor>
						<visible>!IsEmpty(Window.Property(Day0.HighTemp))</visible>
					</control>
					<control type="label">
						<description>low label</description>
						<posx>220</posx>
						<posy>50</posy>
						<height>20</height>
						<font>font13</font>
						<align>left</align>
						<aligny>center</aligny>
						<label>$LOCALIZE[418] :</label>
						<textcolor>grey2</textcolor>
						<shadowcolor>black</shadowcolor>
						<visible>Weather.IsFetched</visible>
					</control>
					<control type="label">
						<description>low value</description>
						<posx>290</posx>
						<posy>50</posy>
						<height>20</height>
						<label>$INFO[Window.Property(Day0.LowTemp)]$INFO[System.TemperatureUnits]</label>
						<font>font13</font>
						<align>left</align>
						<aligny>center</aligny>
						<textcolor>white</textcolor>
						<shadowcolor>black</shadowcolor>
						<visible>!IsEmpty(Window.Property(Day0.LowTemp))</visible>
					</control>
					<control type="label">
						<description>conditions label</description>
						<posx>40</posx>
						<posy>80</posy>
						<width>320</width>
						<height>20</height>
						<info>Window.Property(Day0.Outlook)</info>
						<font>font13</font>
						<align>left</align>
						<aligny>center</aligny>
						<textcolor>white</textcolor>
						<shadowcolor>black</shadowcolor>
					</control>
					<control type="image">
						<posx>20</posx>
						<posy>120</posy>
						<width>460</width>
						<height>4</height>
						<texture>separator.png</texture>
					</control>
				</control>
				<control type="group">
					<description>day 1</description>
					<posx>20</posx>
					<posy>190</posy>
					<control type="label">
						<description>Day label</description>
						<posx>0</posx>
						<posy>0</posy>
						<width>460</width>
						<height>35</height>
						<font>font13_title</font>
						<info>Window.Property(Day1.Title)</info>
						<align>center</align>
						<aligny>center</aligny>
						<textcolor>white</textcolor>
						<shadowcolor>black</shadowcolor>
					</control>
					<control type="image">
						<description>day icon</description>
						<posx>370</posx>
						<posy>40</posy>
						<height>80</height>
						<width>80</width>
						<info>Window.Property(Day1.OutlookIcon)</info>
						<aspectratio align="right">keep</aspectratio>
					</control>
					<control type="label">
						<description>high label</description>
						<posx>40</posx>
						<posy>50</posy>
						<height>20</height>
						<font>font13</font>
						<align>left</align>
						<aligny>center</aligny>
						<label>$LOCALIZE[419] :</label>
						<textcolor>grey2</textcolor>
						<shadowcolor>black</shadowcolor>
						<visible>Weather.IsFetched</visible>
					</control>
					<control type="label">
						<description>high value</description>
						<posx>110</posx>
						<posy>50</posy>
						<height>20</height>
						<label>$INFO[Window.Property(Day1.HighTemp)]$INFO[System.TemperatureUnits]</label>
						<font>font13</font>
						<align>left</align>
						<aligny>center</aligny>
						<textcolor>white</textcolor>
						<shadowcolor>black</shadowcolor>
						<visible>!IsEmpty(Window.Property(Day1.HighTemp))</visible>
					</control>
					<control type="label">
						<description>low label</description>
						<posx>220</posx>
						<posy>50</posy>
						<height>20</height>
						<font>font13</font>
						<align>left</align>
						<aligny>center</aligny>
						<label>$LOCALIZE[418] :</label>
						<textcolor>grey2</textcolor>
						<shadowcolor>black</shadowcolor>
						<visible>Weather.IsFetched</visible>
					</control>
					<control type="label">
						<description>low value</description>
						<posx>290</posx>
						<posy>50</posy>
						<height>20</height>
						<label>$INFO[Window.Property(Day1.LowTemp)]$INFO[System.TemperatureUnits]</label>
						<font>font13</font>
						<align>left</align>
						<aligny>center</aligny>
						<textcolor>white</textcolor>
						<shadowcolor>black</shadowcolor>
						<visible>!IsEmpty(Window.Property(Day1.LowTemp))</visible>
					</control>
					<control type="label">
						<description>conditions label</description>
						<posx>40</posx>
						<posy>80</posy>
						<width>320</width>
						<height>20</height>
						<info>Window.Property(Day1.Outlook)</info>
						<font>font13</font>
						<align>left</align>
						<aligny>center</aligny>
						<textcolor>white</textcolor>
						<shadowcolor>black</shadowcolor>
					</control>
					<control type="image">
						<posx>20</posx>
						<posy>120</posy>
						<width>460</width>
						<height>4</height>
						<texture>separator.png</texture>
					</control>
				</control>
				<control type="group">
					<description>day 2</description>
					<posx>20</posx>
					<posy>320</posy>
					<control type="label">
						<description>Day label</description>
						<posx>0</posx>
						<posy>0</posy>
						<width>460</width>
						<height>35</height>
						<font>font13_title</font>
						<info>Window.Property(Day2.Title)</info>
						<align>center</align>
						<aligny>center</aligny>
						<textcolor>white</textcolor>
						<shadowcolor>black</shadowcolor>
					</control>
					<control type="image">
						<description>day icon</description>
						<posx>370</posx>
						<posy>40</posy>
						<height>80</height>
						<width>80</width>
						<info>Window.Property(Day2.OutlookIcon)</info>
						<aspectratio align="right">keep</aspectratio>
					</control>
					<control type="label">
						<description>high label</description>
						<posx>40</posx>
						<posy>50</posy>
						<height>20</height>
						<font>font13</font>
						<align>left</align>
						<aligny>center</aligny>
						<label>$LOCALIZE[419] :</label>
						<textcolor>grey2</textcolor>
						<shadowcolor>black</shadowcolor>
						<visible>Weather.IsFetched</visible>
					</control>
					<control type="label">
						<description>high value</description>
						<posx>110</posx>
						<posy>50</posy>
						<height>20</height>
						<label>$INFO[Window.Property(Day2.HighTemp)]$INFO[System.TemperatureUnits]</label>
						<font>font13</font>
						<align>left</align>
						<aligny>center</aligny>
						<textcolor>white</textcolor>
						<shadowcolor>black</shadowcolor>
						<visible>!IsEmpty(Window.Property(Day2.HighTemp))</visible>
					</control>
					<control type="label">
						<description>low label</description>
						<posx>220</posx>
						<posy>50</posy>
						<height>20</height>
						<font>font13</font>
						<align>left</align>
						<aligny>center</aligny>
						<label>$LOCALIZE[418] :</label>
						<textcolor>grey2</textcolor>
						<shadowcolor>black</shadowcolor>
						<visible>Weather.IsFetched</visible>
					</control>
					<control type="label">
						<description>low value</description>
						<posx>290</posx>
						<posy>50</posy>
						<height>20</height>
						<label>$INFO[Window.Property(Day2.LowTemp)]$INFO[System.TemperatureUnits]</label>
						<font>font13</font>
						<align>left</align>
						<aligny>center</aligny>
						<textcolor>white</textcolor>
						<shadowcolor>black</shadowcolor>
						<visible>!IsEmpty(Window.Property(Day2.LowTemp))</visible>
					</control>
					<control type="label">
						<description>conditions label</description>
						<posx>40</posx>
						<posy>80</posy>
						<width>320</width>
						<height>20</height>
						<info>Window.Property(Day2.Outlook)</info>
						<font>font13</font>
						<align>left</align>
						<aligny>center</aligny>
						<shadowcolor>black</shadowcolor>
						<textcolor>white</textcolor>
					</control>
					<control type="image">
						<posx>20</posx>
						<posy>120</posy>
						<width>460</width>
						<height>4</height>
						<texture>separator.png</texture>
					</control>
				</control>
				<control type="group">
					<description>day 3</description>
					<posx>20</posx>
					<posy>450</posy>
					<control type="label">
						<description>Day label</description>
						<posx>0</posx>
						<posy>0</posy>
						<width>460</width>
						<height>35</height>
						<font>font13_title</font>
						<info>Window.Property(Day3.Title)</info>
						<align>center</align>
						<aligny>center</aligny>
						<textcolor>white</textcolor>
						<shadowcolor>black</shadowcolor>
					</control>
					<control type="image">
						<description>day icon</description>
						<posx>370</posx>
						<posy>40</posy>
						<height>80</height>
						<width>80</width>
						<info>Window.Property(Day3.OutlookIcon)</info>
						<aspectratio align="right">keep</aspectratio>
					</control>
					<control type="label">
						<description>high label</description>
						<posx>40</posx>
						<posy>50</posy>
						<height>20</height>
						<font>font13</font>
						<align>left</align>
						<aligny>center</aligny>
						<label>$LOCALIZE[419] :</label>
						<textcolor>grey2</textcolor>
						<shadowcolor>black</shadowcolor>
						<visible>Weather.IsFetched</visible>
					</control>
					<control type="label">
						<description>high value</description>
						<posx>110</posx>
						<posy>50</posy>
						<height>20</height>
						<label>$INFO[Window.Property(Day3.HighTemp)]$INFO[System.TemperatureUnits]</label>
						<font>font13</font>
						<align>left</align>
						<aligny>center</aligny>
						<textcolor>white</textcolor>
						<shadowcolor>black</shadowcolor>
						<visible>!IsEmpty(Window.Property(Day3.HighTemp))</visible>
					</control>
					<control type="label">
						<description>low label</description>
						<posx>220</posx>
						<posy>50</posy>
						<height>20</height>
						<font>font13</font>
						<align>left</align>
						<aligny>center</aligny>
						<label>$LOCALIZE[418] :</label>
						<textcolor>grey2</textcolor>
						<shadowcolor>black</shadowcolor>
						<visible>Weather.IsFetched</visible>
					</control>
					<control type="label">
						<description>low value</description>
						<posx>290</posx>
						<posy>50</posy>
						<height>20</height>
						<label>$INFO[Window.Property(Day3.LowTemp)]$INFO[System.TemperatureUnits]</label>
						<font>font13</font>
						<align>left</align>
						<aligny>center</aligny>
						<textcolor>white</textcolor>
						<shadowcolor>black</shadowcolor>
						<visible>!IsEmpty(Window.Property(Day3.LowTemp))</visible>
					</control>
					<control type="label">
						<description>conditions label</description>
						<posx>40</posx>
						<posy>80</posy>
						<width>320</width>
						<height>20</height>
						<info>Window.Property(Day3.Outlook)</info>
						<font>font13</font>
						<align>left</align>
						<aligny>center</aligny>
						<textcolor>white</textcolor>
						<shadowcolor>black</shadowcolor>
					</control>
				</control>
			</control>
			<control type="group">
				<visible>StringCompare(Weather.Plugin,weather.weatherplus)</visible>
				<posx>580</posx>
				<posy>40</posy>
				<control type="image">
					<posx>0</posx>
					<posy>0</posy>
					<width>650</width>
					<height>620</height>
					<texture border="20">ContentPanel.png</texture>
				</control>
				<control type="image">
					<posx>0</posx>
					<posy>612</posy>
					<width>650</width>
					<height>64</height>
					<texture border="10">ContentPanelMirror.png</texture>
				</control>
				<control type="image">
					<posx>20</posx>
					<posy>5</posy>
					<width>610</width>
					<height>90</height>
					<aspectratio>stretch</aspectratio>
					<texture>GlassTitleBar.png</texture>
				</control>
				<control type="group" id="50">
					<include condition="StringCompare(Weather.Plugin,weather.weatherplus)">Weather+10DayForcast</include>
					<include condition="StringCompare(Weather.Plugin,weather.weatherplus)">Weather+36HourForcast</include>
					<include condition="StringCompare(Weather.Plugin,weather.weatherplus)">Weather+WeekendForcast</include>
					<include condition="StringCompare(Weather.Plugin,weather.weatherplus)">Weather+HourlyForcast</include>
					<include condition="StringCompare(Weather.Plugin,weather.weatherplus)">Weather+MapsVideo</include>
				</control>
			</control>
		</control>
		<include>CommonNowPlaying</include>
		<control type="group">
			<posx>-250</posx>
			<include>SideBladeLeft</include>
			<control type="grouplist" id="9000">
				<posx>0</posx>
				<posy>110</posy>
				<width>250</width>
				<height>610</height>
				<onleft>9000</onleft>
				<onright>50</onright>
				<onup>9000</onup>
				<ondown>9000</ondown>
				<onback>50</onback>
				<itemgap>0</itemgap>
				<control type="label" id="200">
					<width>250</width>
					<height>35</height>
					<font>font12caps</font>
					<label>31006</label>
					<textcolor>blue</textcolor>
					<align>center</align>
					<aligny>center</aligny>
				</control>
				<control type="group" id="300">
					<width>250</width>
					<height>40</height>
					<control type="spincontrolex" id="3">
						<description>change location button</description>
						<posx>0</posx>
						<posy>0</posy>
						<font>-</font>
						<include>ButtonCommonValues</include>
						<onleft>50</onleft>
						<onright>50</onright>
						<onup>200</onup>
						<ondown>302</ondown>
						<onback>50</onback>
					</control>
					<control type="label" id="301">
						<posx>10</posx>
						<posy>0</posy>
						<width>200</width>
						<height>40</height>
						<font>font13</font>
						<label>31027</label>
						<textcolor>white</textcolor>
						<align>left</align>
						<aligny>center</aligny>
					</control>
				</control>
				<control type="button" id="302">
					<description>10 day forcast button</description>
					<textwidth>235</textwidth>
					<include>ButtonCommonValues</include>
					<label>31904</label>
					<onclick>ClearProperty(Weather.CurrentView)</onclick>
					<visible>StringCompare(Weather.Plugin,weather.weatherplus)</visible>
				</control>
				<control type="button" id="303">
					<description>36 hour forcast button</description>
					<textwidth>235</textwidth>
					<include>ButtonCommonValues</include>
					<label>31901</label>
					<onclick>SetProperty(Weather.CurrentView,36hour)</onclick>
					<visible>StringCompare(Weather.Plugin,weather.weatherplus)</visible>
				</control>
				<control type="button" id="304">
					<description>Weekend forcast button</description>
					<textwidth>235</textwidth>
					<include>ButtonCommonValues</include>
					<label>31903</label>
					<onclick>SetProperty(Weather.CurrentView,weekend)</onclick>
					<visible>StringCompare(Weather.Plugin,weather.weatherplus)</visible>
				</control>
				<control type="button" id="305">
					<description>Hourly forcast button</description>
					<textwidth>235</textwidth>
					<include>ButtonCommonValues</include>
					<label>31902</label>
					<onclick>SetProperty(Weather.CurrentView,hourly)</onclick>
					<visible>StringCompare(Weather.Plugin,weather.weatherplus)</visible>
				</control>
				<control type="button" id="306">
					<description>Hourly forcast button</description>
					<textwidth>235</textwidth>
					<include>ButtonCommonValues</include>
					<label>31906</label>
					<onclick>SetProperty(Weather.CurrentView,maps)</onclick>
					<visible>StringCompare(Weather.Plugin,weather.weatherplus)</visible>
				</control>
				<control type="label" id="201">
					<width>250</width>
					<height>35</height>
					<font>font12caps</font>
					<label>31026</label>
					<textcolor>blue</textcolor>
					<align>center</align>
					<aligny>center</aligny>
				</control>
				<control type="button" id="2">
					<description>Refresh button</description>
					<textwidth>235</textwidth>
					<include>ButtonCommonValues</include>
					<label>103</label>
				</control>
				<control type="button" id="5">
					<description>Custom Weather Script Button</description>
					<label>$INFO[Skin.String(WeatherScript_Label)]</label>
					<onclick>SetFocus(50)</onclick>
					<onclick>XBMC.RunScript($INFO[Skin.String(WeatherScript_Path)])</onclick>
					<onclick>SetFocus(50)</onclick>
					<textwidth>235</textwidth>
					<include>ButtonCommonValues</include>
					<visible>Skin.HasSetting(WeatherScript_Enable) + !IsEmpty(Skin.String(WeatherScript_Label))</visible>
				</control>
				<control type="button" id="4">
					<description>Settings button</description>
					<label>5</label>
					<onclick>ActivateWindow(MyWeatherSettings)</onclick>
					<textwidth>235</textwidth>
					<include>ButtonCommonValues</include>
				</control>
				<control type="radiobutton" id="250">
					<description>Fanart Toggle</description>
					<include>ButtonCommonValues</include>
					<label>31307</label>
					<onclick>Skin.ToggleSetting(ShowWeatherFanart)</onclick>
					<selected>!Skin.HasSetting(ShowWeatherFanart)</selected>
				</control>
				<control type="button" id="251">
					<include>ButtonCommonValues</include>
					<label>31317</label>
					<onclick>Skin.SetPath(WeatherFanartDir)</onclick>
					<enable>Skin.HasSetting(ShowWeatherFanart)</enable>
				</control>
				<include>CommonNowPlaying_Controls</include>
			</control>
		</control>
		<control type="button" id="50">
			<description>Fake Button to fix Side Menu Navigation</description>
			<onleft>3</onleft>
			<onright>3</onright>
			<onup>3</onup>
			<ondown>3</ondown>
			<visible allowhiddenfocus="true">false</visible>
		</control>
		<control type="group">
			<posx>40</posx>
			<posy>0</posy>
			<animation effect="slide" end="-310,0" time="400" tween="quadratic" easing="out">WindowClose</animation>
			<animation effect="slide" start="-310,0" time="400" tween="quadratic" easing="out">WindowOpen</animation>
			<control type="image">
				<posx>0</posx>
				<posy>0</posy>
				<width>250</width>
				<height>35</height>
				<texture border="0,0,32,0">header.png</texture>
			</control>
			<control type="label">
				<include>WindowTitleCommons</include>
				<posx>220</posx>
				<label>$LOCALIZE[8]</label>
			</control>
		</control>
		<include>WindowTitleHomeButton</include>
		<include>Clock</include>
	</controls>
</window>
