﻿<?xml version="1.0" encoding="utf-8"?>
<window>
  <defaultcontrol always="true">10</defaultcontrol>
  <allowoverlay>no</allowoverlay>
  <controls>
    <control type="button" id="10">
      <description>trigger</description>
      <onfocus>ReplaceWindow(Home)</onfocus>
      <texturenofocus>-</texturenofocus>
      <texturefocus>-</texturefocus>
      <visible>!Skin.HasSetting(Use_Startup_Playlist)</visible>
    </control>
    <control type="button" id="10">
      <description>trigger with startup Playlist</description>
      <onfocus>XBMC.PlayMedia($INFO[Skin.String(Startup_Playlist_Path)])</onfocus>
      <onfocus>ReplaceWindow(Home)</onfocus>
      <texturenofocus>-</texturenofocus>
      <texturefocus>-</texturefocus>
      <visible>Skin.HasSetting(Use_Startup_Playlist)</visible>
    </control>
    <include>CommonVideoBackground</include>
  </controls>
  <!--Set default OBC Values on Load-->
  <onload_off>RunScript("special://skin/scripts/service.py")</onload_off>
</window>