﻿<?xml version="1.0" encoding="utf-8"?>
<window id="2006">
  <defaultcontrol always="true">3</defaultcontrol>
  <allowoverlay>no</allowoverlay>
  <controls>
    <control type="button" id="3">
      <visible allowhiddenfocus="true">no</visible>
      <texturefocus border="5">button-focus.png</texturefocus>
      <texturenofocus border="5">button-nofocus.png</texturenofocus>
      <!--Skip-->
      <onleft>PlayerControl(Previous)</onleft>
      <onright>PlayerControl(Next)</onright>
      <!--Seeking-->
      <onclick condition="!Player.Playing">PlayerControl(Play)</onclick>
      <onclick condition="Player.Playing">Skin.ToggleSetting(ShowMusicOverlayTXT)</onclick>
      <onclick condition="Player.Playing">CancelAlarm(HideMusicOverlays,true)</onclick>
      <ondown>CancelAlarm(HideMusicOverlays,true)</ondown>
      <ondown condition="!Player.Rewinding32x">PlayerControl(Rewind)</ondown>
      <onup>CancelAlarm(HideMusicOverlays,true)</onup>
      <onup condition="!Player.Forwarding32x">PlayerControl(Forward)</onup>
    </control>
    <include>CommonMusicBackground</include>
    <!-- media infos -->
    <control type="group">
      <animation effect="fade" time="200">VisibleChange</animation>
      <visible_off>[Player.ShowInfo | Window.IsActive(MusicOSD)] + ![Window.IsVisible(AddonSettings) | Window.IsVisible(SelectDialog) | Window.IsVisible(VisualisationPresetList)]</visible_off>
      <visible>Skin.HasSetting(ShowMusicOverlayTXT)</visible>
      <control type="image">
        <posx>0</posx>
        <posy>-150</posy>
        <width>1280</width>
        <height>256</height>
        <texture flipy="true">HomeNowPlayingBack.png</texture>
      </control>
      <control type="label">
        <description>Partymode Header label</description>
        <posx>30</posx>
        <posy>5</posy>
        <width>800</width>
        <height>25</height>
        <align>left</align>
        <aligny>center</aligny>
        <font>font13</font>
        <textcolor>white</textcolor>
        <shadowcolor>black</shadowcolor>
        <label>$LOCALIZE[589]</label>
        <visible>MusicPartyMode.Enabled</visible>
      </control>
      <control type="label">
        <description>Normal Header label</description>
        <posx>10</posx>
        <posy>5</posy>
        <width>800</width>
        <height>50</height>
        <align>left</align>
        <aligny>center</aligny>
        <font>font50caps_title</font>
        <textcolor>white</textcolor>
        <shadowcolor>black</shadowcolor>
        <label>$INFO[musicplayer.Playlistposition,$LOCALIZE[554]: ]$INFO[musicplayer.Playlistlength, / ]</label>
        <visible>!MusicPartyMode.Enabled</visible>
      </control>
      <control_off type="label">
        <description>Clock label</description>
        <posx>1250</posx>
        <posy>5</posy>
        <width>800</width>
        <height>25</height>
        <align>right</align>
        <aligny>center</aligny>
        <font>font35_title</font>
        <textcolor>white</textcolor>
        <shadowcolor>black</shadowcolor>
        <label>$INFO[System.Time]</label>
        <animation effect="slide" start="0,0" end="-70,0" time="0" condition="Window.IsVisible(MusicOSD)">conditional</animation>
      </control_off>
      <control type="image">
        <posx>0</posx>
        <posy>230r</posy>
        <width>1380</width>
        <height>230</height>
        <texture>HomeNowPlayingBack.png</texture>
      </control>
      <control type="image">
        <description>cover image</description>
        <posx>355r</posx>
        <posy>5</posy>
        <width>350</width>
        <height>350</height>
        <info>MusicPlayer.Cover</info>
        <aspectratio aligny="bottom">keep</aspectratio>
        <bordertexture border="8">ThumbShadow.png</bordertexture>
        <bordersize>8</bordersize>
        <animation_OFF effect="slide" condition="!Skin.HasSetting(ShowMusicOverlayTXT)" end="400" time="500" acceleration="-1">conditional</animation_OFF>
      </control>
      <control type="group">
        <posx>10</posx>
        <posy>190r</posy>
        <visible_off>[Player.ShowInfo | Window.IsActive(MusicOSD)] + ![Window.IsVisible(AddonSettings) | Window.IsVisible(SelectDialog) | Window.IsVisible(VisualisationPresetList)]</visible_off>
        <control_off type="label" id="1">
          <description>Heading label</description>
          <posx>0</posx>
          <posy>-10</posy>
          <width>910</width>
          <height>25</height>
          <align>left</align>
          <font>font18</font>
          <label>$LOCALIZE[31040]</label>
          <textcolor>white</textcolor>
          <shadowcolor>black</shadowcolor>
          <animation effect="slide" start="0,0" end="0,25" time="0" condition="IsEmpty(MusicPlayer.Artist) + IsEmpty(MusicPlayer.Album)">conditional</animation>
        </control_off>
        <control type="label" id="1">
          <description>Artist label</description>
          <posx>0</posx>
          <posy>0</posy>
          <width>1260</width>
          <height>50</height>
          <align>left</align>
          <font>font50caps_title</font>
          <label>$INFO[MusicPlayer.Artist]$INFO[MusicPlayer.Album, - ]</label>
          <textcolor>white</textcolor>
          <shadowcolor>black</shadowcolor>
        </control>
        <control type="grouplist">
          <posx>0</posx>
          <posy>70</posy>
          <width>1260</width>
          <height>60</height>
          <itemgap>5</itemgap>
          <orientation>horizontal</orientation>
          <control type="label">
            <width min="10" max="1150">auto</width>
            <height>50</height>
            <font>font50caps_title</font>
            <align>left</align>
            <label>$INFO[MusicPlayer.Title]</label>
            <textcolor>orange</textcolor>
            <textoffsety>-20</textoffsety>
            <scroll>true</scroll>
          </control>
          <control type="image">
            <description>Audio Codec Image</description>
            <width>110</width>
            <height>50</height>
            <aspectratio align="right">keep</aspectratio>
            <texture>$INFO[MusicPlayer.Codec,flagging/audio/,.png]</texture>
          </control>
          <control_off type="group">
            <description>Rating</description>
            <width>180</width>
            <height>35</height>
            <control type="image">
              <description>rating back</description>
              <posx>0</posx>
              <posy>0</posy>
              <width>180</width>
              <height>35</height>
              <aspectratio align="left">stretch</aspectratio>
              <texture border="5">flagging/blank.png</texture>
            </control>
            <control type="image">
              <description>Rating</description>
              <posx>5</posx>
              <posy>0</posy>
              <width>170</width>
              <height>35</height>
              <aspectratio align="center">keep</aspectratio>
              <texture fallback="LeftRating/rating0.png">$INFO[Player.StarRating,LeftRating/]</texture>
            </control>
          </control_off>
        </control>
        <control_off type="label">
          <posx>0</posx>
          <posy>125</posy>
          <width>1260</width>
          <height>25</height>
          <label>$LOCALIZE[209]: $INFO[MusicPlayer.offset(1).Artist,, - ]$INFO[MusicPlayer.offset(1).Title]</label>
          <align>center</align>
          <aligny>center</aligny>
          <font>font35_title</font>
          <textcolor>grey</textcolor>
          <scroll>true</scroll>
          <visible>MusicPlayer.HasNext + !Window.IsVisible(MusicOSD)</visible>
          <animation effect="fade" time="200">VisibleChange</animation>
        </control_off>
      </control>
      <control type="group">
        <posx>0</posx>
        <posy>60r</posy>
        <control type="progress">
          <description>Progressbar</description>
          <posx>5</posx>
          <posy>-15</posy>
          <width>1270</width>
          <height>75</height>
          <info>Player.Progress</info>
        </control>
        <control type="label">
          <posx>10</posx>
          <posy>0</posy>
          <width>250</width>
          <height>40</height>
          <font>font40caps_title</font>
          <align>left</align>
          <aligny>center</aligny>
          <label>$INFO[Player.Time(hh:mm:ss)]</label>
          <shadowcolor>black</shadowcolor>
          <textcolor>white</textcolor>
        </control>
        <control type="label">
          <posx>10r</posx>
          <posy>0</posy>
          <width>250</width>
          <height>40</height>
          <font>font40caps_title</font>
          <align>right</align>
          <aligny>center</aligny>
          <label>$INFO[Player.Duration(hh:mm:ss)]</label>
          <shadowcolor>black</shadowcolor>
          <textcolor>white</textcolor>
        </control>
      </control>
    </control>
    <!--Visu-->
    <control type="visualisation" id="2">
      <!-- FIX ME Music Visualization needs to have an id of 2 in this window to be able to lock or change preset -->
      <description>visualisation</description>
      <posx>0</posx>
      <posy>60</posy>
      <width>900</width>
      <height>190r</height>
      <animation effect="zoom" condition="!Skin.HasSetting(ShowMusicOverlayTXT)" acceleration="0" center="auto" end="200" time="600">conditional</animation>
      <animation effect="zoom" condition="Skin.HasSetting(ShowMusicOverlayTXT)" acceleration="0" center="auto" end="100" time="300">conditional</animation>
    </control>
    <!-- codec & viz infos -->
    <control type="group" id="0">
      <posx>0</posx>
      <posy>50</posy>
      <visible>Player.ShowCodec + ![Window.IsVisible(script-XBMC_Lyrics-main.xml) | Window.IsVisible(VisualisationSettings) | Window.IsVisible(VisualisationPresetList)]</visible>
      <visible_new>yes</visible_new>
      <animation effect="fade" time="200">VisibleChange</animation>
      <control type="image">
        <description>media info background image</description>
        <posx>0</posx>
        <posy>0</posy>
        <width>1280</width>
        <height>105</height>
        <colordiffuse>AAFFFFFF</colordiffuse>
        <texture>black-back.png</texture>
      </control>
      <control type="label">
        <description>row 1 label</description>
        <posx>50</posx>
        <posy>10</posy>
        <label>-</label>
        <align>left</align>
        <label>$INFO[musicplayer.Codec,$LOCALIZE[21446]: ,]$INFO[musicplayer.Bitrate, · $LOCALIZE[623]: ,kbps]$INFO[musicplayer.bitspersample, · $LOCALIZE[612]: ,bit]$INFO[musicplayer.Samplerate, · $LOCALIZE[613]: ,kHz]$INFO[musicplayer.Channels, · $LOCALIZE[21444]: ]</label>
        <font>font12</font>
      </control>
      <control type="label">
        <description>row 2 label</description>
        <posx>50</posx>
        <posy>40</posy>
        <label>-</label>
        <align>left</align>
        <label>$INFO[Visualisation.Name] [I][COLOR=orange]($LOCALIZE[20166])[/COLOR][/I] · fps: $INFO[System.FPS]</label>
        <font>font12</font>
        <visible>Visualisation.Locked</visible>
      </control>
      <control type="label">
        <description>Unlocked row 2 label</description>
        <posx>50</posx>
        <posy>40</posy>
        <label>-</label>
        <align>left</align>
        <label>$INFO[Visualisation.Name] · fps: $INFO[System.FPS]</label>
        <font>font12</font>
        <visible>!Visualisation.Locked</visible>
      </control>
      <control type="label">
        <description>row 3 label</description>
        <posx>50</posx>
        <posy>70</posy>
        <label>-</label>
        <align>left</align>
        <label>$LOCALIZE[13388]: $INFO[Visualisation.Preset]</label>
        <font>font12</font>
      </control>
    </control>
    <!--Audioplayer Control-->
    <control_off type="group">
      <posx>640</posx>
      <posy>-110</posy>
      <visible>!Skin.HasSetting(ShowMusicOverlayTXT)</visible>
      <defaultcontrol always="true">603</defaultcontrol>
      <animation effect="slide" end="0,110" time="300" condition="!Skin.HasSetting(ShowMusicOverlayTXT) + Window.IsActive(Visualisation)">conditional</animation>
      <control type="image">
        <description>background</description>
        <posx>-500</posx>
        <posy>0</posy>
        <width>800</width>
        <height>105</height>
        <texture flipx="true" border="0,0,0,0">header.png</texture>
      </control>
      <control type="image">
        <description>background</description>
        <posx>-300</posx>
        <posy>0</posy>
        <width>800</width>
        <height>105</height>
        <texture border="0,0,0,0" flipx="false" flipy="false">header.png</texture>
      </control>
      <!--Player Buttons-->
      <control type="button" id="600">
        <posx>-400</posx>
        <posy>-5</posy>
        <width>90</width>
        <height>90</height>
        <label>-</label>
        <texturefocus>OSDPrevTrackFO.png</texturefocus>
        <texturenofocus>OSDPrevTrackNF.png</texturenofocus>
        <onleft>50</onleft>
        <onright>606</onright>
        <onup>610</onup>
        <ondown>611</ondown>
        <onback>50</onback>
        <onclick>XBMC.PlayerControl(Previous)</onclick>
      </control>
      <control type="button" id="606">
        <posx>-300</posx>
        <posy>-5</posy>
        <width>90</width>
        <height>90</height>
        <label>-</label>
        <texturefocus>OSDRewindFO.png</texturefocus>
        <texturenofocus>OSDRewindNF.png</texturenofocus>
        <onleft>600</onleft>
        <onright>603</onright>
        <onup>610</onup>
        <ondown>611</ondown>
        <onback>50</onback>
        <onclick>XBMC.PlayerControl(Rewind)</onclick>
        <visible>Window.IsVisible(MusicPlaylist) | Window.IsVisible(VideoPlaylist) | Player.HasVideo</visible>
      </control>
      <control type="group">
        <animation effect="slide" start="0,0" end="40,0" time="0" condition="Window.IsVisible(MusicPlaylist) | Window.IsVisible(VideoPlaylist) | Player.HasVideo">Conditional</animation>
        <control type="togglebutton" id="603">
          <posx>-200</posx>
          <posy>-5</posy>
          <width>90</width>
          <height>90</height>
          <label>-</label>
          <texturefocus>OSDPauseFO.png</texturefocus>
          <texturenofocus>OSDPauseNF.png</texturenofocus>
          <usealttexture>Player.Paused | Player.Forwarding | Player.Rewinding</usealttexture>
          <alttexturefocus>OSDPlayFO.png</alttexturefocus>
          <alttexturenofocus>OSDPlayNF.png</alttexturenofocus>
          <onleft>606</onleft>
          <onright>601</onright>
          <onup>610</onup>
          <ondown>611</ondown>
          <onback>50</onback>
          <onclick>XBMC.PlayerControl(Play)</onclick>
        </control>
        <control type="button" id="601">
          <posx>-100</posx>
          <posy>-5</posy>
          <width>90</width>
          <height>90</height>
          <label>-</label>
          <texturefocus>OSDStopFO.png</texturefocus>
          <texturenofocus>OSDStopNF.png</texturenofocus>
          <onleft>603</onleft>
          <onright>607</onright>
          <onup>610</onup>
          <ondown>611</ondown>
          <onback>50</onback>
          <onclick>down</onclick>
          <onclick>XBMC.PlayerControl(Stop)</onclick>
        </control>
        <control type="button" id="607">
          <posx>0</posx>
          <posy>-5</posy>
          <width>90</width>
          <height>90</height>
          <label>-</label>
          <texturefocus>OSDForwardFO.png</texturefocus>
          <texturenofocus>OSDForwardNF.png</texturenofocus>
          <onleft>601</onleft>
          <onright>602</onright>
          <onup>610</onup>
          <ondown>611</ondown>
          <onback>50</onback>
          <onclick>XBMC.PlayerControl(Forward)</onclick>
          <visible>Window.IsVisible(MusicPlaylist) | Window.IsVisible(VideoPlaylist) | Player.HasVideo</visible>
        </control>
        <control type="button" id="602">
          <posx>100</posx>
          <posy>-5</posy>
          <width>90</width>
          <height>90</height>
          <label>-</label>
          <texturefocus>OSDNextTrackFO.png</texturefocus>
          <texturenofocus>OSDNextTrackNF.png</texturenofocus>
          <onleft>607</onleft>
          <onright>604</onright>
          <onup>610</onup>
          <ondown>611</ondown>
          <onback>50</onback>
          <onclick>XBMC.PlayerControl(Next)</onclick>
          <animation effect="slide" start="0,0" end="40,0" time="0" condition="Window.IsVisible(MusicPlaylist) | Window.IsVisible(VideoPlaylist) | Player.HasVideo">Conditional</animation>
        </control>
      </control>
      <control type="group">
        <visible>!Window.IsVisible(MusicPlaylist) + !Window.IsVisible(VideoPlaylist) + !Player.HasVideo</visible>
        <control type="button" id="604">
          <posx>200</posx>
          <posy>-5</posy>
          <width>90</width>
          <height>90</height>
          <label>-</label>
          <texturefocus>-</texturefocus>
          <texturenofocus>-</texturenofocus>
          <onclick>XBMC.PlayerControl(Repeat)</onclick>
          <onleft>602</onleft>
          <onright>605</onright>
          <onup>610</onup>
          <ondown>611</ondown>
          <onback>50</onback>
        </control>
        <control type="image">
          <posx>200</posx>
          <posy>-5</posy>
          <width>90</width>
          <height>90</height>
          <texture>OSDRepeatNF.png</texture>
          <visible>!Playlist.IsRepeat + !Playlist.IsRepeatOne</visible>
          <visible>!Control.HasFocus(604)</visible>
        </control>
        <control type="image">
          <posx>200</posx>
          <posy>-5</posy>
          <width>90</width>
          <height>90</height>
          <texture>OSDRepeatFO.png</texture>
          <visible>!Playlist.IsRepeat + !Playlist.IsRepeatOne</visible>
          <visible>Control.HasFocus(604)</visible>
        </control>
        <control type="image">
          <posx>200</posx>
          <posy>-5</posy>
          <width>90</width>
          <height>90</height>
          <texture>OSDRepeatOneNF.png</texture>
          <visible>Playlist.IsRepeatOne</visible>
          <visible>!Control.HasFocus(604)</visible>
        </control>
        <control type="image">
          <posx>200</posx>
          <posy>-5</posy>
          <width>90</width>
          <height>90</height>
          <texture>OSDRepeatOneFO.png</texture>
          <visible>Playlist.IsRepeatOne</visible>
          <visible>Control.HasFocus(604)</visible>
        </control>
        <control type="image">
          <posx>200</posx>
          <posy>-5</posy>
          <width>90</width>
          <height>90</height>
          <texture>OSDRepeatAllNF.png</texture>
          <visible>Playlist.IsRepeat</visible>
          <visible>!Control.HasFocus(604)</visible>
        </control>
        <control type="image">
          <posx>200</posx>
          <posy>-5</posy>
          <width>90</width>
          <height>90</height>
          <texture>OSDRepeatAllFO.png</texture>
          <visible>Playlist.IsRepeat</visible>
          <visible>Control.HasFocus(604)</visible>
        </control>
        <control type="togglebutton" id="605">
          <posx>300</posx>
          <posy>-5</posy>
          <width>90</width>
          <height>90</height>
          <label>-</label>
          <texturefocus>OSDRandomOffFO.png</texturefocus>
          <texturenofocus>OSDRandomOffNF.png</texturenofocus>
          <usealttexture>Playlist.IsRandom</usealttexture>
          <alttexturefocus>OSDRandomOnFO.png</alttexturefocus>
          <alttexturenofocus>OSDRandomOnNF.png</alttexturenofocus>
          <onclick>XBMC.PlayerControl(Random)</onclick>
          <onleft>604</onleft>
          <onright>50</onright>
          <onup>610</onup>
          <ondown>611</ondown>
          <onback>50</onback>
        </control>
      </control>
    </control_off>
  </controls>
  <onload condition="!Skin.HasSetting(ShowMusicOverlayTXT)">Skin.ToggleSetting(ShowMusicOverlayTXT)</onload>
  <onload condition="Skin.HasSetting(ShowMusicOverlayTXT)">AlarmClock(HideMusicOverlays,Skin.ToggleSetting(ShowMusicOverlayTXT),00:06,true)</onload>
</window>