﻿<?xml version="1.0" encoding="utf-8"?>
<window id="28">
  <defaultcontrol always="true">50</defaultcontrol>
  <allowoverlay>no</allowoverlay>
  <views>50,51</views>
  <controls>
    <include>CommonVideoBackground</include>
    <include>CommonMediaPlayingBackground</include>
    <include>ContentPanelBackgrounds</include>
    <control type="group">
      <include>Window_OpenClose_Animation</include>
      <include>CommonRootView</include>
      <!-- view id = 50 -->
      <include>FullWidthList</include>
      <!-- view id = 51 -->
    </control>
    <include>CommonPageCount</include>
    <include>CommonNowPlaying</include>
    <include>BehindDialogFadeOut</include>
    <include>ScrollOffsetLabel</include>
    <control type="group">
      <posx>-250</posx>
      <include>SideBladeLeft</include>
      <control type="grouplist" id="9000">
        <posx>0</posx>
        <posy>110</posy>
        <width>250</width>
        <height>600</height>
        <onleft>9000</onleft>
        <onright>50</onright>
        <onback>50</onback>
        <onup>9000</onup>
        <ondown>9000</ondown>
        <itemgap>0</itemgap>
        <control type="label" id="200">
          <width>250</width>
          <height>35</height>
          <font>font12caps</font>
          <label>31006</label>
          <textcolor>blue</textcolor>
          <align>center</align>
          <aligny>center</aligny>
        </control>
        <control type="button" id="2">
          <description>View As button</description>
          <textwidth>235</textwidth>
          <include>ButtonCommonValues</include>
          <label>-</label>
        </control>
        <control type="label" id="201">
          <width>250</width>
          <height>35</height>
          <font>font12caps</font>
          <label>31026</label>
          <textcolor>blue</textcolor>
          <align>center</align>
          <aligny>center</aligny>
        </control>
        <control type="radiobutton" id="20">
          <description>Shuffle button</description>
          <include>ButtonCommonValues</include>
          <label>191</label>
        </control>
        <control type="button" id="26">
          <description>Repeat button</description>
          <textwidth>235</textwidth>
          <include>ButtonCommonValues</include>
          <label>-</label>
        </control>
        <control type="button" id="21">
          <description>Save button</description>
          <label>190</label>
          <textwidth>235</textwidth>
          <include>ButtonCommonValues</include>
        </control>
        <control type="button" id="22">
          <description>Clear button</description>
          <label>192</label>
          <onclick>ReplaceWindow(Videos)</onclick>
          <textwidth>235</textwidth>
          <include>ButtonCommonValues</include>
        </control>
        <include>CommonNowPlaying_Controls</include>
      </control>
    </control>
    <control type="group">
      <posx>60</posx>
      <posy>0</posy>
      <animation effect="slide" end="-370,0" time="400" tween="quadratic" easing="out">WindowClose</animation>
      <animation effect="slide" start="-370,0" time="400" tween="quadratic" easing="out">WindowOpen</animation>
      <control type="image">
        <posx>0</posx>
        <posy>0</posy>
        <width>300</width>
        <height>35</height>
        <texture border="0,0,32,0">header.png</texture>
      </control>
      <control type="label">
        <include>WindowTitleCommons</include>
        <posx>270</posx>
        <label>$LOCALIZE[10522]</label>
      </control>
    </control>
    <include>WindowTitleHomeButton</include>
    <include>Clock</include>
  </controls>
</window>