﻿<?xml version="1.0" encoding="utf-8"?>
<window id="2005">
  <defaultcontrol always="true">3</defaultcontrol>
  <controls>
    <control type="button" id="3">
      <visible allowhiddenfocus="true">no</visible>
      <texturefocus border="5">button-focus.png</texturefocus>
      <texturenofocus border="5">button-nofocus.png</texturenofocus>
      <!--Skip-->
      <onleft>PlayerControl(Previous)</onleft>
      <onright>PlayerControl(Next)</onright>
      <!--Seeking-->
      <onclick condition="!Player.Playing">PlayerControl(Play)</onclick>
      <ondown condition="!Player.Rewinding32x">PlayerControl(Rewind)</ondown>
      <onup condition="!Player.Forwarding32x">PlayerControl(Forward)</onup>
    </control>
    <!-- media infos -->
    <control type="group" id="1">
      <visible>[Player.ShowInfo | Window.IsActive(VideoOSD)] + ![Window.IsVisible(123) | Window.IsVisible(124) | Window.IsVisible(125)]</visible>
      <animation effect="fade" time="200">VisibleChange</animation>
      <control type="image" id="1">
        <posx>0</posx>
        <posy>-150</posy>
        <width>1280</width>
        <height>256</height>
        <texture flipy="true">HomeNowPlayingBack.png</texture>
      </control>
      <control type="label" id="1">
        <description>Chapter Count Header label</description>
        <posx>30</posx>
        <posy>5</posy>
        <width>1000</width>
        <height>25</height>
        <align>left</align>
        <aligny>center</aligny>
        <font>font13</font>
        <textcolor>white</textcolor>
        <shadowcolor>black</shadowcolor>
        <label>$INFO[Player.Chapter,$LOCALIZE[21396]: ]$INFO[Player.ChapterCount, / ]$INFO[Player.ChapterName,[COLOR=grey] - (,)[/COLOR]]</label>
        <visible>Player.ChapterCount</visible>
      </control>
      <control type="label" id="1">
        <description>Clock label</description>
        <posx>1250</posx>
        <posy>5</posy>
        <width>800</width>
        <height>25</height>
        <align>right</align>
        <aligny>center</aligny>
        <font>font13</font>
        <textcolor>white</textcolor>
        <shadowcolor>black</shadowcolor>
        <label>$INFO[System.Time]</label>
        <animation effect="slide" start="0,0" end="-70,0" time="0" condition="Window.IsVisible(VideoOSD)">conditional</animation>
      </control>
      <control type="image" id="1">
        <posx>0</posx>
        <posy>230r</posy>
        <width>1280</width>
        <height>230</height>
        <texture>HomeNowPlayingBack.png</texture>
      </control>
      <control type="image" id="1">
        <description>cover image</description>
        <posx>20</posx>
        <posy>260r</posy>
        <width>300</width>
        <height>230</height>
        <info>VideoPlayer.Cover</info>
        <aspectratio aligny="bottom">keep</aspectratio>
        <bordertexture border="8">ThumbShadow.png</bordertexture>
        <bordersize>8</bordersize>
        <visible>!VideoPlayer.Content(Movies)</visible>
      </control>
      <control type="image" id="1">
        <description>Movie cover image</description>
        <posx>20</posx>
        <posy>350r</posy>
        <width>300</width>
        <height>330</height>
        <info>VideoPlayer.Cover</info>
        <aspectratio aligny="bottom">keep</aspectratio>
        <bordertexture border="8">ThumbShadow.png</bordertexture>
        <bordersize>8</bordersize>
        <visible>VideoPlayer.Content(Movies)</visible>
      </control>
      <control type="group" id="1">
        <posx>330</posx>
        <posy>175r</posy>
        <control type="label" id="1">
          <description>Heading label</description>
          <posx>0</posx>
          <posy>0</posy>
          <width>910</width>
          <height>25</height>
          <align>left</align>
          <font>font13</font>
          <label>$LOCALIZE[31040]</label>
          <textcolor>white</textcolor>
          <shadowcolor>black</shadowcolor>
          <animation effect="slide" start="0,0" end="0,25" time="0" condition="!VideoPlayer.Content(Movies) + !VideoPlayer.Content(Episodes) + !VideoPlayer.Content(MusicVideos)">conditional</animation>
        </control>
        <control type="label" id="1">
          <description>Studio label</description>
          <posx>20</posx>
          <posy>30</posy>
          <width>910</width>
          <height>25</height>
          <align>left</align>
          <font>font12</font>
          <label>$INFO[VideoPlayer.Studio]</label>
          <textcolor>grey2</textcolor>
          <shadowcolor>black</shadowcolor>
          <visible>VideoPlayer.Content(Movies)</visible>
        </control>
        <control type="label" id="1">
          <description>TV Show label</description>
          <posx>20</posx>
          <posy>30</posy>
          <width>910</width>
          <height>25</height>
          <align>left</align>
          <font>font12</font>
          <label>$INFO[VideoPlayer.TVShowTitle] ($INFO[VideoPlayer.Season]x$INFO[VideoPlayer.Episode])</label>
          <textcolor>grey2</textcolor>
          <shadowcolor>black</shadowcolor>
          <visible>VideoPlayer.Content(Episodes)</visible>
        </control>
        <control type="label" id="1">
          <description>Music Info label</description>
          <posx>20</posx>
          <posy>30</posy>
          <width>910</width>
          <height>25</height>
          <align>left</align>
          <font>font12</font>
          <label>$INFO[VideoPlayer.Artist] $INFO[VideoPlayer.Album, - ]</label>
          <textcolor>grey2</textcolor>
          <shadowcolor>black</shadowcolor>
          <visible>VideoPlayer.Content(MusicVideos)</visible>
        </control>
        <control type="grouplist" id="1">
          <posx>20</posx>
          <posy>60</posy>
          <width>910</width>
          <height>35</height>
          <itemgap>5</itemgap>
          <orientation>horizontal</orientation>
          <control type="label" id="1">
            <width min="10" max="710">auto</width>
            <height>30</height>
            <font>font30</font>
            <align>left</align>
            <aligny>center</aligny>
            <label>$INFO[VideoPlayer.Title]</label>
            <textcolor>orange</textcolor>
            <scroll>true</scroll>
          </control>
          <control type="image" id="1">
            <description>Video Resolution Image</description>
            <width>50</width>
            <height>35</height>
            <aspectratio align="center">keep</aspectratio>
            <texture>$INFO[VideoPlayer.VideoResolution,flagging/video/,.png]</texture>
          </control>
          <control type="image" id="1">
            <description>Audio Codec Image</description>
            <width>85</width>
            <height>35</height>
            <aspectratio align="center">keep</aspectratio>
            <texture>$INFO[VideoPlayer.AudioCodec,flagging/audio/,.png]</texture>
          </control>
          <control type="image" id="1">
            <description>Audio Channels Image</description>
            <width>50</width>
            <height>35</height>
            <aspectratio align="center">keep</aspectratio>
            <texture>$INFO[VideoPlayer.AudioChannels,flagging/audio/,.png]</texture>
          </control>
        </control>
        <control type="label" id="1">
          <posx>0</posx>
          <posy>120</posy>
          <width>910</width>
          <height>25</height>
          <label>$LOCALIZE[31049] $INFO[Player.FinishTime]</label>
          <align>center</align>
          <aligny>center</aligny>
          <font>font12</font>
          <textcolor>grey</textcolor>
          <scroll>true</scroll>
          <visible>!Window.IsVisible(VideoOSD)</visible>
          <animation effect="fade" time="200">VisibleChange</animation>
        </control>
      </control>
      <control type="group" id="1">
        <posx>330</posx>
        <posy>85r</posy>
        <control type="label" id="1">
          <posx>0</posx>
          <posy>0</posy>
          <width>100</width>
          <height>40</height>
          <font>font13</font>
          <align>left</align>
          <aligny>center</aligny>
          <label>$INFO[Player.Time(hh:mm:ss)]</label>
        </control>
        <control type="progress" id="1">
          <description>ProgressbarCache</description>
          <posx>100</posx>
          <posy>15</posy>
          <width>720</width>
          <height>16</height>
          <info>Player.ProgressCache</info>
          <midtexture border="6,0,6,0">OSDProgressMidLight.png</midtexture>
        </control>
        <control type="progress" id="1">
          <description>Progressbar</description>
          <posx>100</posx>
          <posy>15</posy>
          <width>720</width>
          <height>16</height>
          <info>Player.Progress</info>
        </control>
        <control type="label" id="1">
          <posx>920</posx>
          <posy>0</posy>
          <width>100</width>
          <height>40</height>
          <font>font13</font>
          <align>right</align>
          <aligny>center</aligny>
          <label>$INFO[Player.Duration(hh:mm:ss)]</label>
        </control>
      </control>
    </control>
    <!-- codec info -->
    <control type="group" id="0">
      <posx>0</posx>
      <posy>20</posy>
      <animation effect="fade" time="200">VisibleChange</animation>
      <control type="image">
        <description>media info background image</description>
        <posx>0</posx>
        <posy>0</posy>
        <width>1280</width>
        <height>140</height>
        <colordiffuse>AAFFFFFF</colordiffuse>
        <texture>black-back.png</texture>
      </control>
      <control type="label" id="10">
        <description>row 1 label</description>
        <posx>50</posx>
        <posy>10</posy>
        <width>1180</width>
        <height>30</height>
        <align>left</align>
        <aligny>center</aligny>
        <font>font12</font>
        <label>-</label>
      </control>
      <control type="label" id="11">
        <description>row 2 label</description>
        <posx>50</posx>
        <posy>40</posy>
        <width>1180</width>
        <height>30</height>
        <align>left</align>
        <aligny>center</aligny>
        <font>font12</font>
        <label>-</label>
      </control>
      <control type="label" id="12">
        <description>row 3 label</description>
        <posx>50</posx>
        <posy>85</posy>
        <width>1180</width>
        <height>30</height>
        <align>left</align>
        <aligny>center</aligny>
        <font>font12</font>
        <label>-</label>
      </control>
    </control>
  </controls>
</window>